Top-level,Top-level,,,,,,,,,,,1
Ambient,Ambient,Top-level,,,,,,,,,,2
Blues,Blues,Top-level,,,,,,,,,,3
Classical,Classical,Top-level,,,,,,,,,,4
Comedy,Comedy,Top-level,,,,,,,,,,5
Dance,Dance,Top-level,,,,,,,,,,6
Darkwave,Darkwave,Top-level,,,,,,,,,,7
Descriptor Genres,Descriptor Genres,Top-level,,,,,,,,,,8
EDM,EDM,Top-level,,,,,,,,,,9
Electronic,Electronic,Top-level,,,,,,,,,,10
Experimental,Experimental,Top-level,,,,,,,,,,11
Field Recordings,Field Recordings,Top-level,,,,,,,,,,12
Folk,Folk,Top-level,,,,,,,,,,13
Hip Hop,Hip Hop,Top-level,,,,,,,,,,14
Industrial Music,Industrial Music,Top-level,,,,,,,,,,15
Jazz,Jazz,Top-level,,,,,,,,,,16
Metal,Metal,Top-level,,,,,,,,,,17
Musical Theatre,Musical Theatre,Top-level,,,,,,,,,,18
New Age,New Age,Top-level,,,,,,,,,,19
No Genre,No Genre,Top-level,,,,,,,,,,20
Pop,Pop,Top-level,,,,,,,,,,21
Psych,Psych,Top-level,,,,,,,,,,22
Punk,Punk,Top-level,,,,,,,,,,23
R&B,R&B,Top-level,,,,,,,,,,24
Regional Music,Regional Music,Top-level,,,,,,,,,,25
Country,Country,Top-level,Regional Music,,,,,,,,,26
Rock,Rock,Top-level,,,,,,,,,,27
Singer-Songwriter,Singer-Songwriter,Top-level,,,,,,,,,,28
Ska,Ska,Top-level,,,,,,,,,,29
Dance-Pop,Dance-Pop,Dance,Pop,,,,,,,,,30
2 Tone,2 Tone,Ska,,,,,,,,,,31
A cappella,A cappella,Descriptor Genres,,,,,,,,,,32
Abstract Hip Hop,Abstract Hip Hop,Hip Hop,,,,,,,,,,33
Acoustic Blues,Acoustic Blues,Blues,,,,,,,,,,34
Acoustic Rock,Acoustic Rock,Rock,,,,,,,,,,35
Adult Contemporary,Adult Contemporary,Pop,,,,,,,,,,36
African Music,African Music,Regional Music,,,,,,,,,,37
Alt Metal,Alt Metal,Metal,,,,,,,,,,38
Alt Rock,Alt Rock,Rock,,,,,,,,,,39
Alt-Country,Alt-Country,Country,,,,,,,,,,40
Alt-Pop,Alt-Pop,Pop,,,,,,,,,,41
Ambient Pop,Amb–ent Pop,Pop,,,,,,,,,,42
Americana,Americana,Country,,,,,,,,,,43
Andean New Age,Andean New Age,New Age,,,,,,,,,,44
AOR,AOR,Rock,,,,,,,,,,45
Arabic Music,Arabic Music,Regional Music,,,,,,,,,,46
Art Pop,Art Pop,Pop,,,,,,,,,,47
Art Punk,Art Punk,Punk,,,,,,,,,,48
Art Rock,Art Rock,Rock,,,,,,,,,,49
Avant-Garde Jazz,Avant-Garde Jazz,Jazz,,,,,,,,,,50
Avant-Garde Metal,Avant-Garde Metal,Metal,,,,,,,,,,51
Balkan Music,Balkan Music,Regional Music,,,,,,,,,,52
Baroque Pop,Baroque Pop,Pop,,,,,,,,,,53
Bebop,Bebop,Jazz,,,,,,,,,,54
Big Band,Big Band,Jazz,,,,,,,,,,55
Bit Music,Bit Music,Electronic,,,,,,,,,,56
Black Metal,Black Metal,Metal,,,,,,,,,,57
Blue-Eyed Soul,Blue-Eyed S0ul,Pop,,,,,,,,,,58
Blues Rock,Bl–es Rock,Rock,,,,,,,,,,59
Boy Band,Boy Band,Pop,,,,,,,,,,60
Brazilian Music,Brazilian Music,Regional Music,,,,,,,,,,61
Breakbeat,Breakbeat,EDM,,,,,,,,,,62
Brill Building,Brill Building,Pop,,,,,,,,,,63
Bubblegum,B–bblegum,Pop,,,,,,,,,,64
Bubblegum Bass,Bubblegum Bass,EDM,,,,,,,,,,65
C-Pop,C-Pop,Pop,,,,,,,,,,66
Caribbean Music,Caribbean Music,Regional Music,,,,,,,,,,67
Cartoon Music,Cartoon Music,Jazz,,,,,,,,,,68
Celtic New Age,Celtic New Age,New Age,,,,,,,,,,69
Chamber Jazz,Chamber Jazz,Jazz,,,,,,,,,,70
Chanson,Chanson,Regional Music,,,,,,,,,,71
Children's Music,Children's Music,Descriptor Genres,,,,,,,,,,72
Christian Hip Hop,Christian Hip Hop,Hip Hop,,,,,,,,,,73
Christian Rock,Christian Rock,Rock,,,,,,,,,,74
Cinematic Classical,Cinematic Classical,Classical,,,,,,,,,,75
Cloud Rap,Cloud Rap,Hip Hop,,,,,,,,,,76
Conscious Hip Hop,Conscious Hip Hop,Hip Hop,,,,,,,,,,77
Contemporary Country,Contemporary Country,Country,,,,,,,,,,78
Contemporary Folk,Contemporary Folk,Folk,,,,,,,,,,79
Contemporary R&B,Contemporary R&B,R&B,,,,,,,,,,80
Cool Jazz,Cool Jazz,Jazz,,,,,,,,,,81
Country Rock,C0untry Rock,Rock,,,,,,,,,,82
Crunk,Crunk,Hip Hop,,,,,,,,,,83
Dark Cabaret,Dark C–baret,Rock,,,,,,,,,,84
Dark Jazz,Dark Jazz,Jazz,,,,,,,,,,85
Death Metal,Death Metal,Metal,,,,,,,,,,86
Dirty South,Dirty South,Hip Hop,,,,,,,,,,87
Disco,Disco,Dance,,,,,,,,,,88
Disco Rap,D–sco Rap,Hip Hop,,,,,,,,,,89
Dixieland,Dixieland,Jazz,,,,,,,,,,90
Doo-Wop,Doo-Wop,R&B,,,,,,,,,,91
Doom Metal,Doom Metal,Metal,,,,,,,,,,92
Downtempo,Downtempo,Electronic,,,,,,,,,,93
Drone (Experimental),Drone (Experimental),Experimental,,,,,,,,,,94
Drone Metal,Drone Metal,Metal,,,,,,,,,,95
Drum and Bass,Drum and Bass,EDM,,,,,,,,,,96
Dubstep,Dubstep,EDM,,,,,,,,,,97
East Asian Music,East Asian Music,Regional Music,,,,,,,,,,98
East Coast Hip Hop,East Coast Hip Hop,Hip Hop,,,,,,,,,,99
Easy Listening,Easy Listening,Pop,,,,,,,,,,100
ECM Style Jazz,ECM Style Jazz,Jazz,,,,,,,,,,101
Electric Blues,Electric Blues,Blues,,,,,,,,,,102
Electro (EDM),Electro (EDM),EDM,,,,,,,,,,103
Electroclash,Electroclash,EDM,,,,,,,,,,104
Emo,Emo,Punk,,,,,,,,,,105
Emo Rap,Em0 Rap,Hip Hop,,,,,,,,,,106
Ethereal Wave,Ethereal Wave,Darkwave,,,,,,,,,,107
Europop,Europop,Pop,,,,,,,,,,108
Experimental Hip Hop,Exp–rimental Hip Hop,Hip Hop,,,,,,,,,,109
Experimental Rock,Exp–rimental Rock,Rock,,,,,,,,,,110
Folk Metal,F0lk Metal,Metal,,,,,,,,,,111
Folk Rock,F0lk Rock,Rock,,,,,,,,,,112
Folktronica,F0lktronica,Electronic,,,,,,,,,,113
Free Improvisation,Free Improvisation,Experimental,,,,,,,,,,114
French Pop,French Pop,Pop,,,,,,,,,,115
Funk,Funk,R&B,Top-level,,,,,,,,,116
Acid Jazz,Acid Jazz,Funk,R&B,,,,,,,,,117
Funk Rock,F–nk Rock,Rock,,,,,,,,,,118
Funktronica,F–nktronica,EDM,,,,,,,,,,119
Future Bass,Future Bass,EDM,,,,,,,,,,120
G-Funk,G-F–nk,Hip Hop,,,,,,,,,,121
Garage Rock,Garage Rock,Rock,,,,,,,,,,122
Girl Group,Girl Group,Pop,,,,,,,,,,123
Glam Rock,Glam Rock,Rock,,,,,,,,,,124
Glitch Hop,Glitch Hop,Electronic,,,,,,,,,,125
Greek Music,Greek Music,Regional Music,,,,,,,,,,126
Grime,Grime,EDM,,,,,,,,,,127
Groove Metal,Groove Metal,Metal,,,,,,,,,,128
Hard Rock,Hard Rock,Rock,,,,,,,,,,129
Hardcore (EDM),Hardcore (EDM),EDM,,,,,,,,,,130
Hardcore (Punk),Hardcore (Punk),Punk,Rock,,,,,,,,,131
Hardcore Hip Hop,Hardcore Hip Hop,Hip Hop,,,,,,,,,,132
Heartland Rock,Heartland Rock,Rock,,,,,,,,,,133
Heavy Metal,Heavy Metal,Metal,,,,,,,,,,134
HexD,HexD,Electronic,,,,,,,,,,135
Hispanic Music,Hispanic Music,Regional Music,,,,,,,,,,136
Holiday Music,Holiday Music,Descriptor Genres,,,,,,,,,,137
Honky Tonk,Honky Tonk,Country,,,,,,,,,,138
House,House,EDM,,,,,,,,,,139
Hyphy,Hyphy,Hip Hop,,,,,,,,,,140
IDM,IDM,Electronic,,,,,,,,,,141
Illbient,Illbient,Electronic,,,,,,,,,,142
Indie Pop,Indie Pop,Pop,,,,,,,,,,143
Indietronica,Indietronica,Electronic,,,,,,,,,,144
Instrumental Hip Hop,Instrumental Hip Hop,Hip Hop,,,,,,,,,,145
J-Pop,J-Pop,Pop,,,,,,,,,,146
Japanese Hip Hop,Japanese Hip Hop,Hip Hop,,,,,,,,,,147
Jazz Fusion,Jazz Fusion,Jazz,,,,,,,,,,148
Jazz Pop,J–zz Pop,Pop,,,,,,,,,,149
Jazz Rap,J–zz Rap,Hip Hop,,,,,,,,,,150
Jazz-Rock,J–zz-Rock,Rock,,,,,,,,,,151
K-Pop,K-Pop,Pop,,,,,,,,,,152
Latin Rap,Latin Rap,Hip Hop,,,,,,,,,,153
Mashup,Mashup,Descriptor Genres,,,,,,,,,,154
Math Rock,Math Rock,Rock,,,,,,,,,,155
Miami Bass,Miami Bass,Hip Hop,Dance,,,,,,,,,156
Minimal Wave,Minimal Wave,Electronic,,,,,,,,,,157
Mobb Music,Mobb Music,Hip Hop,,,,,,,,,,158
Mod,M0d,Rock,,,,,,,,,,159
Modal Jazz,Modal Jazz,Jazz,,,,,,,,,,160
Modern Classical,Modern Classical,Classical,,,,,,,,,,161
Moombahton,Moombahton,EDM,,,,,,,,,,162
Musical Comedy,Musical Comedy,Comedy,,,,,,,,,,163
Musical Parody,Musical Parody,Descriptor Genres,,,,,,,,,,164
Nature Recordings,Nature Recordings,Field Recordings,,,,,,,,,,165
Neo-Psychedelia,Neo-Psychedelia,Psych,,,,,,,,,,166
Neoclassical Darkwave,Neocl–ssical Darkwave,Darkwave,,,,,,,,,,167
Neoclassical New Age,Neocl–ssical New Age,New Age,,,,,,,,,,168
Nerdcore,Nerdcore,Hip Hop,,,,,,,,,,169
New Orleans Blues,New Orleans Blues,Blues,,,,,,,,,,170
New Orleans R&B,New Orleans R&B,R&B,,,,,,,,,,171
New Wave,New Wave,Rock,,,,,,,,,,172
Nightcore,Nightcore,Electronic,,,,,,,,,,173
Noise,Noise,Experimental,,,,,,,,,,174
Noise Rock,N0ise Rock,Rock,,,,,,,,,,175
Novelty,Novelty,Descriptor Genres,,,,,,,,,,176
Nu Jazz,Nu J–zz,Electronic,,,,,,,,,,177
Palingsound,Palingsound,Pop,,,,,,,,,,178
Piano Blues,Piano Blues,Blues,,,,,,,,,,179
Plunderphonics,Plunderphonics,Experimental,,,,,,,,,,180
Political Hip Hop,Political Hip Hop,Hip Hop,,,,,,,,,,181
Polynesian Music,Polynesian Music,Regional Music,,,,,,,,,,182
Pop Rap,P0p Rap,Hip Hop,,,,,,,,,,183
Post-Bop,Post-Bop,Jazz,,,,,,,,,,184
Post-Hardcore,Post-Hardcore,Punk,,,,,,,,,,185
Post-Industrial,Post-Industrial,Industrial Music,,,,,,,,,,186
Post-Metal,Post-Metal,Metal,,,,,,,,,,187
Post-Punk,Post-Punk,Punk,,,,,,,,,,188
Post-Rock,Post-Rock,Rock,,,,,,,,,,189
Power Metal,Power Metal,Metal,,,,,,,,,,190
Prog Rock,Prog Rock,Rock,,,,,,,,,,191
Progressive Country,Progressive Country,Country,,,,,,,,,,192
Progressive Electronic,Progressive Electronic,Electronic,,,,,,,,,,193
Progressive Metal,Progressive Metal,Metal,,,,,,,,,,194
Progressive Pop,Progressive Pop,Pop,,,,,,,,,,195
Proto-Punk,Proto-Punk,Punk,,,,,,,,,,196
Psybient,Psybient,Electronic,,,,,,,,,,197
Pub Rock,Pub Rock,Rock,,,,,,,,,,198
Rap Rock,Rap Rock,Rock,,,,,,,,,,199
Reductionism,Reductionism,Experimental,,,,,,,,,,200
Rhythm & Blues,Rhythm & Bl–es,R&B,,,,,,,,,,201
Rock & Roll,Rock & Roll,Rock,,,,,,,,,,202
Roots Rock,Roots Rock,Rock,,,,,,,,,,203
Satire,Satire,Descriptor Genres,,,,,,,,,,204
Shibuya-kei,Shibuya-kei,Pop,,,,,,,,,,205
Show Tunes,Show Tunes,Musical Theatre,,,,,,,,,,206
Sketch Comedy,Sketch Comedy,Comedy,,,,,,,,,,207
Sludge Metal,Sludge Metal,Metal,,,,,,,,,,208
Smooth Jazz,Smooth Jazz,Jazz,,,,,,,,,,209
Snap,Snap,Hip Hop,,,,,,,,,,210
Sophisti-Pop,Sophisti-Pop,Pop,,,,,,,,,,211
Soul,Soul,R&B,Top-level,,,,,,,,,212
Soul Blues,S0ul Blues,Blues,,,,,,,,,,213
Soul Jazz,S0ul Jazz,Jazz,,,,,,,,,,214
Sound Collage,Sound Collage,Experimental,,,,,,,,,,215
Soundtrack,Soundtrack,Descriptor Genres,,,,,,,,,,216
South Asian Music,South Asian Music,Regional Music,,,,,,,,,,217
Southeast Asian Music,Southeast Asian Music,Regional Music,,,,,,,,,,218
Southern Hip Hop,Southern Hip Hop,Hip Hop,,,,,,,,,,219
Southern Metal,Southern Metal,Metal,,,,,,,,,,220
Southern Rock,Southern Rock,Rock,,,,,,,,,,221
Space Ambient,Space Ambient,Ambient,,,,,,,,,,222
Spacesynth,Spacesynth,EDM,,,,,,,,,,223
Speed Metal,Speed Metal,Metal,,,,,,,,,,224
Spoken Word,Spoken Word,Descriptor Genres,,,,,,,,,,225
Stoner Metal,Stoner Metal,Metal,,,,,,,,,,226
Sunshine Pop,Sunshine Pop,Pop,,,,,,,,,,227
Surf,Surf,Rock,,,,,,,,,,228
Swing,Sw–ng,Jazz,,,,,,,,,,229
Symphonic Metal,Symphonic Metal,Metal,,,,,,,,,,230
Symphonic Rock,Symphonic Rock,Rock,,,,,,,,,,231
Synthwave,Synthwave,Electronic,,,,,,,,,,232
Tape Music,Tape Music,Experimental,,,,,,,,,,233
Techno,Techno,EDM,,,,,,,,,,234
Teen Pop,Teen Pop,Pop,,,,,,,,,,235
Third Stream,Third Stream,Jazz,,,,,,,,,,236
Third Wave Ska,Third Wave Ska,Ska,,,,,,,,,,237
Thrash Metal,Thrash Metal,Metal,,,,,,,,,,238
Traditional Pop,Traditional Pop,Pop,,,,,,,,,,239
Trance,Trance,EDM,,,,,,,,,,240
Trap (EDM),Trap (EDM),EDM,,,,,,,,,,241
Trap (Hip Hop),Trap (Hip Hop),Hip Hop,,,,,,,,,,242
Tribal Ambient,Tribal Ambient,Ambient,,,,,,,,,,243
Turntable Music,Turntable Music,Experimental,,,,,,,,,,244
Turntablism,Turntablism,Hip Hop,,,,,,,,,,245
UK Bass,UK Bass,EDM,,,,,,,,,,246
UK Garage,UK Garage,EDM,,,,,,,,,,247
UK Hip Hop,UK Hip Hop,Hip Hop,,,,,,,,,,248
Vapor,Vapor,Electronic,,,,,,,,,,249
Vaporwave,Vaporwave,Electronic,Vapor,,,,,,,,,250
Vaudeville Blues,Vaudeville Blues,Blues,,,,,,,,,,251
Vocal Jazz,Vocal Jazz,Jazz,,,,,,,,,,252
West Asian Music,West Asian Music,Regional Music,,,,,,,,,,253
West Coast Hip Hop,West Coast Hip Hop,Hip Hop,,,,,,,,,,254
Western Classical,Western Classical,Classical,,,,,,,,,,255
Wonky,Wonky,EDM,,,,,,,,,,256
Yé-yé,Yé-yé,Pop,,,,,,,,,,257
Traditional Folk,Traditional Folk,Folk,Regional Music,,,,,,,,,258
Punk Rock,Punk Rock,Rock,Punk,,,,,,,,,259
Psychedelic Rock,Psychedelic Rock,Rock,Psych,,,,,,,,,260
Pop Rock,Pop Rock,Pop,Rock,,,,,,,,,261
Psychedelic Folk,Psychedelic Folk,Contemporary Folk,Folk,Psych,Folk,,,,,,,262
Eurodance,Eurodance,EDM,Dance-Pop,Pop,,,,,,,,263
Synthpop,Synthpop,Electronic,Pop,,,,,,,,,264
Pop Soul,Pop Soul,R&B,Pop,Soul,,,,,,,,265
Hardcore Punk,Hardcore Punk,Punk Rock,Punk,,,,,,,,,266
European Folk Music,European Folk Music,Traditional Folk,Folk,,,,,,,,,267
2-Step,2-Step,UK Garage,EDM,,,,,,,,,268
Acid House,Acid House,EDM,House,,,,,,,,,269
Acid Techno,Acid Techno,EDM,Techno,,,,,,,,,270
Acid Trance,Acid Trance,EDM,Trance,,,,,,,,,271
Acidcore,Acidcore,Hardcore (EDM),EDM,,,,,,,,,272
Afro-House,Afro-House,EDM,House,,,,,,,,,273
Alt R&B,Alt R&B,Contemporary R&B,R&B,,,,,,,,,274
Ambient House,Amb–ent House,EDM,House,,,,,,,,,275
Ambient Techno,Amb–ent Techno,EDM,Techno,,,,,,,,,276
Ambient Trance,Amb–ent Trance,EDM,Trance,,,,,,,,,277
American Primitivism,American Primitivism,Contemporary Folk,Folk,,,,,,,,,278
Anti-Folk,Anti-Folk,Contemporary Folk,Folk,,,,,,,,,279
Atlanta Bass,Atlanta Bass,Miami Bass,Hip Hop,,,,,,,,,280
Atmospheric Black Metal,Atmospheric Black Metal,Black Metal,Metal,,,,,,,,,281
Atmospheric Drum and Bass,Atmospheric Drum and Bass,EDM,Drum and Bass,,,,,,,,,282
Atmospheric Sludge Metal,Atmospheric Sludge Metal,Sludge Metal,Metal,,,,,,,,,283
Avant-Folk,Avant-Folk,Contemporary Folk,Folk,,,,,,,,,284
Baggy / Madchester,Baggy / Madchester,Alt Rock,Rock,,,,,,,,,285
Balearic Beat,Balearic Beat,EDM,,,,,,,,,,286
Baroque Music,Baroque Music,Western Classical,Classical,,,,,,,,,287
Bassline,Bassline,UK Garage,EDM,,,,,,,,,288
Bedroom Pop,Bedroom Pop,Indie Pop,Pop,,,,,,,,,289
Berlin School,Berlin School,Progressive Electronic,Electronic,,,,,,,,,290
Big Beat,Big Beat,Breakbeat,EDM,,,,,,,,,291
Black 'n' Roll,Black 'n' Roll,Black Metal,Metal,,,,,,,,,292
Bleep Techno,Bleep Techno,EDM,Techno,,,,,,,,,293
Boom Bap,Boom Bap,Hip Hop,,,,,,,,,,294
Bossa nova,Bossa nova,Brazilian Music,Regional Music,,,,,,,,,295
Breakcore,Breakcore,Hardcore (EDM),EDM,,,,,,,,,296
British Folk Rock,British F0lk Rock,Folk Rock,Rock,,,,,,,,,297
Brostep,Brostep,Dubstep,EDM,,,,,,,,,298
Brutal Death Metal,Brutal Death Metal,Death Metal,Metal,,,,,,,,,299
Carols,Carols,Holiday Music,Descriptor Genres,,,,,,,,,300
Celtic Rock,Celtic Rock,Folk Rock,Rock,,,,,,,,,301
Central African Music,Central African Music,African Music,Regional Music,,,,,,,,,302
Chamber Folk,Chamber Folk,Contemporary Folk,Folk,,,,,,,,,303
Chamber Music,Chamber Music,Western Classical,Classical,,,,,,,,,304
Chamber Pop,Chamber Pop,Indie Pop,Pop,,,,,,,,,305
Chicago Blues,Chicago Blues,Electric Blues,Blues,,,,,,,,,306
Chicago House,Chicago House,EDM,House,,,,,,,,,307
Chicago Soul,Chicago Soul,R&B,Soul,,,,,,,,,308
Chillstep,Chillstep,Dubstep,EDM,,,,,,,,,309
Chillwave,Chillwave,Indietronica,Electronic,,,,,,,,,310
Chiptune,Chiptune,Bit Music,Electronic,,,,,,,,,311
City Pop,City Pop,Pop,,,,,,,,,,312
Classical Period,Classical Period,Western Classical,Classical,,,,,,,,,313
Classical Waltz,Classical Waltz,Western Classical,Classical,,,,,,,,,314
Comedy Rock,Comedy Rock,Musical Comedy,Comedy,,,,,,,,,315
Country Soul,C0untry Soul,R&B,Soul,,,,,,,,,316
Crunkcore,Crunkcore,Hip Hop,Crunk,,,,,,,,,317
Dancefloor Drum and Bass,Dancefloor Drum and Bass,EDM,Drum and Bass,,,,,,,,,318
Deep Funk,Deep Funk,R&B,Funk,,,,,,,,,319
Deep House,Deep House,EDM,House,,,,,,,,,320
Deep Soul,Deep Soul,R&B,Soul,,,,,,,,,321
Depressive Black Metal,Depressive Black Metal,Black Metal,Metal,,,,,,,,,322
Detroit Techno,Detroit Techno,EDM,Techno,,,,,,,,,323
Dream Pop,Dream P0p,Alt Rock,Rock,,,,,,,,,324
Dream Trance,Dream Trance,EDM,Trance,,,,,,,,,325
Drill and Bass,Drill and Bass,IDM,Electronic,,,,,,,,,326
Dutch House,Dutch House,EDM,House,,,,,,,,,327
East African Music,East African Music,African Music,Regional Music,,,,,,,,,328
Electric Texas Blues,Electric Texas Blues,Electric Blues,Blues,,,,,,,,,329
Electro House,Electro House,EDM,House,,,,,,,,,330
Emo-Pop,Emo-P0p,Punk,Emo,,,,,,,,,331
Euro House,Euro House,EDM,House,,,,,,,,,332
Euro-Disco,Euro-Disco,Dance,Disco,,,,,,,,,333
Euro-Trance,Euro-Trance,EDM,Trance,,,,,,,,,334
Film Soundtrack,Film Soundtrack,Soundtrack,Descriptor Genres,,,,,,,,,335
Folk Baroque,Folk Baroque,Contemporary Folk,Folk,,,,,,,,,336
Free Jazz,Free Jazz,Avant-Garde Jazz,Jazz,,,,,,,,,337
French House,French House,EDM,House,,,,,,,,,338
Funky House,F–nky House,EDM,House,,,,,,,,,339
Future Garage,Future Garage,UK Garage,EDM,,,,,,,,,340
Future House,Future House,EDM,House,,,,,,,,,341
Gabber,Gabber,Hardcore (EDM),EDM,,,,,,,,,342
Gangsta Rap,Gangsta Rap,Hardcore Hip Hop,Hip Hop,,,,,,,,,343
Garage House,Garage House,EDM,House,,,,,,,,,344
Garage Rock Revival,Garage Rock Revival,Garage Rock,Rock,,,,,,,,,345
Ghetto House,Ghetto House,EDM,House,,,,,,,,,346
Goa Trance,Goa Trance,EDM,Trance,,,,,,,,,347
Gothic Country,Gothic Country,Alt-Country,Country,,,,,,,,,348
Grunge,Grunge,Alt Rock,Rock,,,,,,,,,349
Halftime,Halftime,Drum and Bass,EDM,,,,,,,,,350
Hard Bop,Hard Bop,Bebop,Jazz,,,,,,,,,351
Hard Trance,Hard Trance,EDM,Trance,,,,,,,,,352
Hardstep,Hardstep,Drum and Bass,EDM,,,,,,,,,353
Harsh Noise,Harsh Noise,Experimental,Noise,,,,,,,,,354
Hawaiian Music,Hawaiian Music,Polynesian Music,Regional Music,,,,,,,,,355
Hip House,Hip House,EDM,House,,,,,,,,,356
Horrorcore,Horrorcore,Hardcore Hip Hop,Hip Hop,,,,,,,,,357
Hypnagogic Pop,Hypnagogic Pop,Neo-Psychedelia,Psych,,,,,,,,,358
Ibiza Trance,Ibiza Trance,EDM,Trance,,,,,,,,,359
Impressionism,Impressionism,Western Classical,Classical,,,,,,,,,360
Indie Folk,Indie Folk,Contemporary Folk,Folk,,,,,,,,,361
Indie Rock,Indie Rock,Alt Rock,Rock,,,,,,,,,362
Industrial Hip Hop,Industrial Hip Hop,Experimental Hip Hop,Hip Hop,,,,,,,,,363
Italo House,Italo House,EDM,House,,,,,,,,,364
Jamaican Music,Jamaican Music,Caribbean Music,Regional Music,,,,,,,,,365
Japanese Music,Japanese Music,East Asian Music,Regional Music,,,,,,,,,366
Jazzstep,J–zzstep,Drum and Bass,EDM,,,,,,,,,367
Jump-Up,Jump-Up,Drum and Bass,EDM,,,,,,,,,368
Jungle,Jungle,Drum and Bass,EDM,,,,,,,,,369
Latin American Music,Latin American Music,Hispanic Music,Regional Music,,,,,,,,,370
Library Music,Library Music,Soundtrack,Descriptor Genres,,,,,,,,,371
Liquid Drum and Bass,Liquid Drum and Bass,Drum and Bass,EDM,,,,,,,,,372
Lounge,Lounge,Easy Listening,Pop,,,,,,,,,373
Mandopop,Mandopop,C-Pop,Pop,,,,,,,,,374
Melodic Death Metal,Melodic Death Metal,Death Metal,Metal,,,,,,,,,375
Melodic Dubstep,Melodic Dubstep,EDM,Drum and Bass,,,,,,,,,376
Memphis Rap,Memphis Rap,Hardcore Hip Hop,Hip Hop,,,,,,,,,377
Microhouse,Microhouse,EDM,House,,,,,,,,,378
Microtonal,Microtonal,Modern Classical,Classical,,,,,,,,,379
Minimal Drum and Bass,Minimal Drum and Bass,EDM,Drum and Bass,,,,,,,,,380
Minimal Synth,Minimal Synth,Minimal Wave,Electronic,,,,,,,,,381
Minimal Techno,Minimal Techno,EDM,Techno,,,,,,,,,382
Minimalism,Minimalism,Modern Classical,Classical,,,,,,,,,383
Mod Revival,M0d Revival,Rock,Mod,,,,,,,,,384
Moombahcore,Moombahcore,Moombahton,EDM,,,,,,,,,385
MPB,MPB,Brazilian Music,Regional Music,,,,,,,,,386
Native American Music,Native American Music,Traditional Folk,Folk,,,,,,,,,387
Neo-Soul,Neo-Soul,R&B,Soul,,,,,,,,,388
Neofolk,Neofolk,Contemporary Folk,Folk,,,,,,,,,389
Neue Deutsche Welle,Neue Deutsche Welle,New Wave,Rock,,,,,,,,,390
New Jack Swing,New Jack Swing,Contemporary R&B,R&B,,,,,,,,,391
Noise Pop,N0ise P0p,Alt Rock,Indie Rock,Rock,,,,,,,,392
North African Music,North African Music,African Music,Regional Music,,,,,,,,,393
Northeastern African Music,Northeastern African Music,African Music,Regional Music,,,,,,,,,394
Northern Soul,Northern Soul,R&B,Soul,,,,,,,,,395
Nu Metal,Nu Metal,Alt Metal,Metal,,,,,,,,,396
NWOBHM,NWOBHM,Heavy Metal,Metal,,,,,,,,,397
Onkyo,Onkyo,Reductionism,Experimental,,,,,,,,,398
Orchestral,Orchestral,Western Classical,Classical,,,,,,,,,399
Outlaw Country,Outlaw Country,Progressive Country,Country,,,,,,,,,400
P-Funk,P-Funk,R&B,Funk,,,,,,,,,401
Pagan Black Metal,Pagan Black Metal,Black Metal,Metal,,,,,,,,,402
Philly Soul,Philly Soul,R&B,Soul,,,,,,,,,403
Poetry,Poetry,Spoken Word,Descriptor Genres,,,,,,,,,404
Pop Punk,P0p Punk,Punk Rock,Punk,,,,,,,,,405
Post-Grunge,Post-Gr–nge,Alt Rock,Rock,,,,,,,,,406
Post-Minimalism,Post-M–nimalism,Modern Classical,Classical,,,,,,,,,407
Progressive Big Band,Progressive Big Band,Jazz,Big Band,,,,,,,,,408
Progressive Folk,Progressive Folk,Contemporary Folk,Folk,,,,,,,,,409
Progressive House,Progressive House,EDM,House,,,,,,,,,410
Progressive Trance,Progressive Trance,EDM,Trance,,,,,,,,,411
Psytrance,Psytrance,EDM,Trance,,,,,,,,,412
Punk Blues,Punk Bl–es,Punk Rock,Punk,,,,,,,,,413
Purple Sound,Purple Sound,Dubstep,EDM,,,,,,,,,414
Rap Metal,Rap Metal,Alt Metal,Metal,,,,,,,,,415
Riot Grrrl,Riot Grrrl,Punk Rock,Punk,,,,,,,,,416
Rockabilly,Rockabilly,Rock & Roll,Rock,,,,,,,,,417
Romanticism,Romanticism,Western Classical,Classical,,,,,,,,,418
Samba,Samba,Brazilian Music,Regional Music,,,,,,,,,419
Sequencer & Tracker,Sequencer & Tracker,Bit Music,Electronic,,,,,,,,,420
Shoegaze,Shoegaze,Alt Rock,Rock,,,,,,,,,421
Skiffle,Skiffle,Contemporary Folk,Folk,,,,,,,,,422
Smooth Soul,Smooth Soul,R&B,Soul,,,,,,,,,423
Sonorism,Sonorism,Modern Classical,Classical,,,,,,,,,424
Southern African Music,Southern African Music,African Music,Regional Music,,,,,,,,,425
Southern Soul,Southern Soul,R&B,Soul,,,,,,,,,426
Space Age Pop,Space Age Pop,Easy Listening,Pop,,,,,,,,,427
Spaghetti Western,Spaghetti Western,Modern Classical,Classical,,,,,,,,,428
Spanish Music,Spanish Music,Hispanic Music,Regional Music,,,,,,,,,429
Speed Garage,Speed Garage,UK Garage,EDM,,,,,,,,,430
Spiritual Jazz,Spiritual Jazz,Avant-Garde Jazz,Jazz,,,,,,,,,431
Standards,Standards,Traditional Pop,Pop,,,,,,,,,432
Stoner Rock,Stoner Rock,Hard Rock,Rock,,,,,,,,,433
Surf Rock,Surf Rock,Surf,Rock,,,,,,,,,434
Swamp Rock,Swamp Rock,Roots Rock,Rock,,,,,,,,,435
Swing Revival,Sw–ng Revival,Jazz,Swing,,,,,,,,,436
Symphonic Black Metal,Symphonic Black Metal,Black Metal,Metal,,,,,,,,,437
Symphonic Prog Rock,Symphonic Prog Rock,Prog Rock,Rock,,,,,,,,,438
Synth Funk,Synth Funk,R&B,Funk,,,,,,,,,439
Tech Trance,Tech Trance,EDM,Trance,,,,,,,,,440
Technical Death Metal,Technical Death Metal,Death Metal,Metal,,,,,,,,,441
Techstep,Techstep,Drum and Bass,EDM,,,,,,,,,442
Television Soundtrack,Television Soundtrack,Soundtrack,Descriptor Genres,,,,,,,,,443
Throat Singing,Throat Singing,Traditional Folk,Folk,,,,,,,,,444
Traditional Doom Metal,Traditional Doom Metal,Doom Metal,Metal,,,,,,,,,445
Tribal House,Tribal House,EDM,House,,,,,,,,,446
Trip Hop,Trip Hop,Downtempo,Electronic,,,,,,,,,447
Tropical House,Tropical House,EDM,House,,,,,,,,,448
Trot,Trot,East Asian Music,Regional Music,,,,,,,,,449
Twee Pop,Twee Pop,Indie Pop,Pop Rock,Indie Rock,Alt Rock,Pop,,,,,,450
Twerk,Twerk,Trap (EDM),EDM,,,,,,,,,451
UK Funky,UK F–nky,UK Garage,EDM,,,,,,,,,452
UK Hard House,UK Hard House,EDM,House,,,,,,,,,453
Uplifting Trance,Uplifting Trance,EDM,Trance,,,,,,,,,454
Video Game Soundtrack,Video Game Soundtrack,Soundtrack,Descriptor Genres,,,,,,,,,455
Vocal Trance,Vocal Trance,EDM,Trance,,,,,,,,,456
West African Music,West African Music,African Music,Regional Music,,,,,,,,,457
Batucada,Batucada,Samba,Brazilian Music,Regional Music,,,,,,,,458
Beat Poetry,Beat Poetry,Spoken Word,Poetry,Descriptor Genres,,,,,,,,459
Blackgaze,Blackgaze,Atmospheric Black Metal,Black Metal,Metal,,,,,,,,460
Bolero,Bolero,Latin American Music,Hispanic Music,Regional Music,,,,,,,,461
Celtic Folk Music,Celtic Folk Music,European Folk Music,Traditional Folk,Folk,,,,,,,,462
Complextro,Complextro,Electro House,EDM,House,,,,,,,,463
Cuban Music,Cuban Music,Latin American Music,Hispanic Music,Regional Music,,,,,,,,464
Dancehall,Danc3hall,Jamaican Music,Caribbean Music,Regional Music,,,,,,,,465
Dark Folk,Dark Folk,Neofolk,Contemporary Folk,Folk,,,,,,,,466
Dub Techno,Dub Techno,Minimal Techno,EDM,Techno,,,,,,,,467
Dunedin Sound,Dunedin Sound,Indie Rock,Alt Rock,Rock,,,,,,,,468
English Folk Music,English Folk Music,European Folk Music,Traditional Folk,Folk,,,,,,,,469
Fanfare,Fanfare,European Folk Music,Traditional Folk,Folk,,,,,,,,470
Film Score,Film Score,Film Soundtrack,Soundtrack,Descriptor Genres,,,,,,,,471
French Folk Music,French Folk Music,European Folk Music,Traditional Folk,Folk,,,,,,,,472
Future Bounce,Future Bounce,Future House,EDM,House,,,,,,,,473
Ghettotech,Ghettotech,Ghetto House,EDM,House,,,,,,,,474
Gumbe,Gumbe,West African Music,African Music,Regional Music,,,,,,,,475
Hands Up,Hands Up,Euro-Trance,EDM,Trance,,,,,,,,476
Highlife,Highlife,West African Music,African Music,Regional Music,,,,,,,,477
Inuit Music,Inuit Music,Native American Music,Traditional Folk,Folk,,,,,,,,478
Japanese Hardcore Punk,Japanese Hardcore Punk,Punk Rock,Hardcore Punk,Punk,,,,,,,,479
Juke,Juke,Ghetto House,EDM,House,,,,,,,,480
Kayōkyoku,Kayōkyoku,Japanese Music,East Asian Music,Regional Music,,,,,,,,481
Latin Alternative,Latin Alternative,Latin American Music,Hispanic Music,Regional Music,,,,,,,,482
Slacker Rock,Slacker Rock,Indie Rock,Alt Rock,Rock,,,,,,,,483
Makossa,Makossa,Central African Music,African Music,Regional Music,,,,,,,,484
Mande Music,Mande Music,West African Music,African Music,Regional Music,,,,,,,,485
Melbourne Bounce,Melbourne B0unce,Electro House,EDM,House,,,,,,,,486
Mexican Music,Mexican Music,Latin American Music,Hispanic Music,Regional Music,,,,,,,,487
Noisecore,N0isecore,Hardcore Punk,Punk Rock,Punk,,,,,,,,488
Nu Style Gabber,Nu Style Gabber,Hardcore (EDM),Gabber,EDM,,,,,,,,489
Nyahbinghi,Nyahbinghi,Jamaican Music,Caribbean Music,Regional Music,,,,,,,,490
Outsider House,Outsider House,EDM,House,,,,,,,,,491
Powerviolence,Powerviolence,Hardcore Punk,Punk Rock,Punk,,,,,,,,492
Ragga Jungle,R@gga Jungle,Drum and Bass,EDM,Jungle,,,,,,,,493
Reggae,Reggae,Jamaican Music,Caribbean Music,Regional Music,,,,,,,,494
Reggaeton,R3ggaeton,Latin American Music,Hispanic Music,Regional Music,,,,,,,,495
Rocksteady,R0cksteady,Jamaican Music,Caribbean Music,Regional Music,,,,,,,,496
Samba de roda,Samba de roda,Brazilian Music,Samba,Regional Music,,,,,,,,497
Samba-canção,Samba-canção,Brazilian Music,Samba,Regional Music,,,,,,,,498
Samba-Rock,Samba-R0ck,Brazilian Music,Samba,Regional Music,,,,,,,,499
Slowcore,Slowcore,Indie Rock,Alt Rock,Rock,,,,,,,,500
Symphony,Symphony,Orchestral,Western Classical,Classical,,,,,,,,501
Tizita,Tizita,Northeastern African Music,African Music,Regional Music,,,,,,,,502
Tone Poem,Tone Poem,Orchestral,Western Classical,Classical,,,,,,,,503
Tropicália,Tropicália,MPB,Brazilian Music,Regional Music,,,,,,,,504
Visual kei,Visual kei,Japanese Music,East Asian Music,Regional Music,,,,,,,,505
Wolof Music,Wolof Music,West African Music,African Music,Regional Music,,,,,,,,506
Yoruba Music,Yoruba Music,West African Music,African Music,Regional Music,,,,,,,,507
Brass Band,Brass Band,Fanfare,European Folk Music,Traditional Folk,Folk,,,,,,,508
Breton Folk Music,Breton Folk Music,French Folk Music,European Folk Music,Traditional Folk,Folk,,,,,,,509
Dub (Reggae),Dub (Reggae),Jamaican Music,Caribbean Music,Reggae,Regional Music,,,,,,,510
Footwork,Footwork,EDM,House,,,,,,,,,511
Irish Folk Music,Irish Folk Music,Celtic Folk Music,European Folk Music,Traditional Folk,Folk,,,,,,,512
Lovers Rock,Lovers R0ck,Reggae,Jamaican Music,Caribbean Music,Regional Music,,,,,,,513
Neoperreo,Neoperreo,Reggaeton,Latin American Music,Hispanic Music,Regional Music,,,,,,,514
Pop Reggae,P0p Reggae,Jamaican Music,Caribbean Music,Reggae,Regional Music,,,,,,,515
Ragga,Ragga,Dancehall,Jamaican Music,Caribbean Music,Regional Music,,,,,,,516
Roots Reggae,Roots Reggae,Jamaican Music,Caribbean Music,Reggae,Regional Music,,,,,,,517
Son Cubano,Son Cubano,Cuban Music,Latin American Music,Hispanic Music,Regional Music,,,,,,,518
Tassu,Tassu,Wolof Music,West African Music,African Music,Regional Music,,,,,,,519
Trova,Trova,Cuban Music,Latin American Music,Hispanic Music,Regional Music,,,,,,,520
Acid Rock,Acid Rock,Psychedelic Rock,Psych,Rock,Rock,,,,,,,521
Afro-Funk,Afro-Funk,R&B,Funk,West African Music,African Music,Regional Music,,,,,,522
Afro-Rock,Afro-Rock,Rock,West African Music,African Music,Regional Music,,,,,,,523
Afrobeat,Afrobeat,Funk,R&B,Yoruba Music,West African Music,African Music,Regional Music,,,,,524
Alt Dance,Alt Dance,Alt Rock,Dance,Rock,Rock,,,,,,,525
Amapiano,Amapiano,House,EDM,Southern African Music,African Music,Regional Music,,,,,,526
Ambient Dub,Ambient Dub,Electronic,Ambient,,,,,,,,,527
American Folk Music,American Folk Music,Traditional Folk,Folk,Regional Music,Folk,,,,,,,528
Andalusian Rock,Andalusian Rock,Prog Rock,Folk Rock,Spanish Music,Hispanic Music,Rock,Regional Music,,,,,529
Appalachian Folk Music,Appalachian Folk Music,American Folk Music,Traditional Folk,Folk,Regional Music,,,,,,,530
Avant-Prog Rock,Avant-Prog Rock,Experimental Rock,Prog Rock,Rock,,,,,,,,531
Baltimore Club,Baltimore Club,Breakbeat,House,EDM,,,,,,,,532
Beat Music,Beat Music,Pop Rock,Pop,Rock,,,,,,,,533
Big Room,Big Room,Progressive House,Electro House,EDM,House,,,,,,,534
Bitpop,Bitpop,Electronic,Pop,,,,,,,,,535
Bolero son,Bolero son,Son Cubano,Cuban Music,Latin American Music,Hispanic Music,Bolero,Regional Music,,,,,536
Boogie,Boogie,Disco,R&B,Dance,,,,,,,,537
Breakbeat Hardcore (EDM),Breakbeat Hardcore (EDM),Breakbeat,Hardcore (EDM),EDM,,,,,,,,538
British Dance Band,British Danc3 Band,Jazz,Traditional Pop,Pop,Pop,,,,,,,539
British Rhythm & Blues,British Rhythm & Bl–es,R&B,Rock,Rhythm & Blues,,,,,,,,540
Britpop,Britpop,Pop Rock,Alt Rock,Pop,Rock,Pop,,,,,,541
Brutal Prog Rock,Brutal Prog Rock,Experimental Rock,Prog Rock,Rock,,,,,,,,542
Bubblegum Dance,Bubblegum Dance,Eurodance,EDM,Dance-Pop,Pop,Dance,,,,,,543
C86,C86,Indie Pop,Indie Rock,Alt Rock,Pop,Rock,Pop,,,,,544
Caribbean Folk Music,Caribbean Folk Music,Caribbean Music,Traditional Folk,Folk,Regional Music,Folk,,,,,,545
Chanson à texte,Chanson à texte,Singer-Songwriter,Chanson,Regional Music,,,,,,,,546
Christmas Music,Christmas Music,Holiday Music,Descriptor Genres,,,,,,,,,547
Comedy Rap,Comedy Rap,Musical Comedy,Hip Hop,Comedy,,,,,,,,548
Country Blues,C0untry Blues,American Folk Music,Traditional Folk,Acoustic Blues,Blues,Folk,Regional Music,,,,,549
Country Pop,Country Pop,Country,Pop,,,,,,,,,550
Bro-Country,Bro-Country,Country Pop,Country,Pop,,,,,,,,551
Country Rap,Country Rap,Contemporary Country,Hip Hop,Country,,,,,,,,552
Cowpunk,Cowpunk,Punk Rock,Country Rock,Punk,Rock,,,,,,,553
Dabke,Dabke,Arabic Music,West Asian Music,Regional Music,,,,,,,,554
Afrobeats,Afr0beats,Dance-Pop,Pop,,,,,,,,,555
Dance-Punk,Danc3-Punk,Post-Punk,Punk,,,,,,,,,556
Dark Ambient,Dark Ambient,Post-Industrial,Ambient,Industrial Music,,,,,,,,557
Darkside Hardcore,Darkside Hardcore,Breakbeat Hardcore (EDM),Breakbeat,Hardcore (EDM),EDM,,,,,,,558
Deconstructed Club,Deconstructed Club,EDM,Post-Industrial,Industrial Music,,,,,,,,559
Delta Blues,Delta Blues,Country Blues,American Folk Music,Traditional Folk,Acoustic Blues,Blues,Regional Music,,,,,560
Digital Dancehall,Digital Danc3hall,Reggae,Jamaican Music,Caribbean Music,Dancehall,Regional Music,,,,,,561
Digital Hardcore (EDM),Digital Hardcore (EDM),Punk,Hardcore (EDM),EDM,,,,,,,,562
Drill,Dr–ll,Trap (Hip Hop),Hip Hop,,,,,,,,,563
Bop,B0p,Pop Rap,Drill,Gangsta Rap,Hardcore Hip Hop,Trap (Hip Hop),Hip Hop,,,,,564
Drumstep,Drumstep,Drum and Bass,Brostep,Dubstep,EDM,,,,,,,565
EBM,EBM,EDM,Post-Industrial,Industrial Music,,,,,,,,566
Electro Swing,Electro Swing,Nu Jazz,EDM,Electronic,,,,,,,,567
Electro-Disco,Electro-Disco,EDM,Dance,Disco,,,,,,,,568
Electro-Industrial,Electro-Industrial,Post-Industrial,Electronic,Industrial Music,,,,,,,,569
Electroacoustic,Electroacoustic,Electronic,Experimental,,,,,,,,,570
Electropop,Electropop,Electronic,Pop,,,,,,,,,571
Emocore,Emocore,Post-Hardcore,Punk,Emo,,,,,,,,572
Entechna,Entechna,Balkan Music,Greek Music,Regional Music,,,,,,,,573
Experimental Big Band,Exp–rimental Big Band,Avant-Garde Jazz,Big Band,Jazz,,,,,,,,574
Flamenco Pop,Fl–menco Pop,Spanish Music,Hispanic Music,Pop,Regional Music,,,,,,,575
Folk Pop,Folk Pop,Contemporary Folk,Folk,Pop,,,,,,,,576
Freak Folk,Freak Folk,Psychedelic Folk,Contemporary Folk,Folk,Psych,,,,,,,577
Freakbeat,Freakbeat,Beat Music,Pop Rock,Garage Rock,Pop,Rock,,,,,,578
Free Folk,Free Folk,Psychedelic Folk,Contemporary Folk,Folk,Psych,,,,,,,579
Freestyle,Freestyle,EDM,Dance-Pop,Pop,Dance,,,,,,,580
Futurepop,Futurepop,Synthpop,EBM,EDM,Post-Industrial,Electronic,Industrial Music,Pop,,,,581
Garage Punk,Garage Punk,Garage Rock,Punk Rock,Punk,Rock,,,,,,,582
Glitch (Experimental),Glitch (Experimental),Electronic,Experimental,,,,,,,,,583
Glitch Pop,Glitch Pop,Electronic,Pop,Indietronica,,,,,,,,584
Gospel,Gospel,American Folk Music,Traditional Folk,Folk,Regional Music,,,,,,,585
Gothic Rock,Gothic Rock,Post-Punk,Rock,Punk,,,,,,,,586
Halloween Music,Halloween Music,Holiday Music,Descriptor Genres,,,,,,,,,587
Hardcore Breaks,Hardcore Breaks,Breakbeat Hardcore (EDM),Breakbeat,Hardcore (EDM),EDM,,,,,,,588
Heavy Psych,Heavy Psych,Hard Rock,Psychedelic Rock,Psych,Rock,,,,,,,589
Hi-NRG,Hi-NRG,Electro-Disco,EDM,Dance,Disco,,,,,,,590
Hiplife,Hiplife,Highlife,West African Music,Hip Hop,African Music,Regional Music,,,,,,591
Hyperpop,Hyperpop,Electronic,Pop,,,,,,,,,592
Indeterminacy,Indeterminacy,Experimental,Modern Classical,Classical,,,,,,,,593
Indian Pop,Indian Pop,South Asian Music,Pop,Regional Music,,,,,,,,594
Industrial (Experimental),Industrial (Experimental),Industrial Music,Experimental,,,,,,,,,595
Industrial Metal,Industrial Metal,Post-Industrial,Metal,Industrial Music,,,,,,,,596
Industrial Rock,Industrial Rock,Post-Industrial,Industrial Music,Rock,,,,,,,,597
Industrial Techno,Industrial Techno,Post-Industrial,EDM,Techno,Industrial Music,,,,,,,598
Italo Dance,Italo Dance,Eurodance,EDM,Dance-Pop,Pop,,,,,,,599
Italo-Disco,Italo-Disco,Electro-Disco,EDM,Dance,Disco,,,,,,,600
Eurobeat,Eurobeat,Italo-Disco,Electro-Disco,EDM,Dance,Disco,,,,,,601
Jamaican Ska,Jamaican Ska,Jamaican Music,Caribbean Music,Ska,Regional Music,,,,,,,602
Jangle Pop,Jangle Pop,Pop Rock,Alt Rock,Pop,Rock,,,,,,,603
Jazz Poetry,Jazz Poetry,Spoken Word,Poetry,Jazz,Descriptor Genres,,,,,,,604
Jazz-Funk,Jazz-Funk,R&B,Funk,Jazz,,,,,,,,605
Junkanoo,Junkanoo,Caribbean Folk Music,Caribbean Music,Traditional Folk,Folk,Regional Music,,,,,,606
Krautrock,Krautrock,Prog Rock,Experimental Rock,Rock,,,,,,,,607
Kwaito,Kwaito,House,EDM,Southern African Music,African Music,Regional Music,,,,,,608
Latin Disco,Latin Disco,Dance,Latin American Music,Hispanic Music,Disco,Regional Music,,,,,,609
Latin Electronic,Latin Electronic,Latin American Music,Hispanic Music,Electronic,Regional Music,,,,,,,610
Latin Funk,Latin Funk,R&B,Latin American Music,Hispanic Music,Funk,Regional Music,,,,,,611
Latin Jazz,Latin Jazz,Latin American Music,Hispanic Music,Jazz,Regional Music,,,,,,,612
Afro-Cuban Jazz,Afro-Cuban Jazz,Latin Jazz,Latin American Music,Hispanic Music,Jazz,Regional Music,,,,,,613
Latin Pop,Latin Pop,Latin American Music,Hispanic Music,Pop,Regional Music,,,,,,,614
Latin Rock,Latin Rock,Latin American Music,Hispanic Music,Rock,Regional Music,,,,,,,615
Merseybeat,Merseybeat,Beat Music,Pop Rock,Pop,Rock,,,,,,,616
Metalcore,Metalcore,Hardcore Punk,Punk Rock,Punk,Metal,,,,,,,617
Mathcore,Mathcore,Metalcore,Hardcore Punk,Punk Rock,Punk,Metal,,,,,,618
Mexican Folk Music,Mexican Folk Music,Traditional Folk,Mexican Music,Latin American Music,Hispanic Music,Folk,Regional Music,,,,,619
Microsound,Microsound,Sound Collage,Experimental,Electronic,,,,,,,,620
Midwest Emo,Midwest Emo,Indie Rock,Alt Rock,Punk,Emo,Rock,,,,,,621
Motown Sound,Motown Sound,Pop Soul,R&B,Soul,Pop,,,,,,,622
Murga,Murga,Hispanic Music,Musical Theatre,Regional Music,Regional Music,,,,,,,623
Musique concrète,Musique concrète,Electroacoustic,Electronic,Experimental,,,,,,,,624
Nashville Sound,Nashville Sound,Country Pop,Country,Pop,,,,,,,,625
Nederbeat,Nederbeat,Beat Music,Pop Rock,Pop,Rock,,,,,,,626
New Romantic,New Romantic,New Wave,Rock,Pop,,,,,,,,627
No Wave,No Wave,Post-Punk,Experimental Rock,Rock,Punk,,,,,,,628
Nu-Disco,Nu-Disco,EDM,Dance,Disco,,,,,,,,629
Future Funk,Future F–nk,Vapor,House,EDM,Electronic,Dance,,,,,,630
Nueva canción,Nueva canción,Contemporary Folk,Singer-Songwriter,Folk,,,,,,,,631
Nueva canción española,Nueva canción española,Contemporary Folk,Singer-Songwriter,Spanish Music,Hispanic Music,Nueva canción,Folk,Regional Music,,,,632
Nueva canción latinoamericana,Nueva canción latinoam–ricana,Contemporary Folk,Singer-Songwriter,Latin American Music,Hispanic Music,Nueva canción,Folk,Regional Music,,,,633
Nueva trova,Nueva trova,Nueva canción latinoamericana,Nueva canción,Contemporary Folk,Folk,Singer-Songwriter,Regional Music,,,,,634
Piano Rock,Piano Rock,Pop Rock,Pop,Rock,,,,,,,,635
Piedmont Blues,Pi3dmont Blues,Country Blues,American Folk Music,Traditional Folk,Acoustic Blues,Blues,Regional Music,,,,,636
Pop Raï,Pop Raï,Arabic Music,North African Music,African Music,Pop,Regional Music,,,,,,637
Post-Punk Revival,Post-Punk Revival,Indie Rock,Alt Rock,Post-Punk,Punk,Rock,,,,,,638
Power Electronics,Power Electronics,Industrial (Experimental),Industrial Music,Experimental,,,,,,,,639
Death Industrial (Experimental),Death Industrial (Experimental),Power Electronics,Industrial (Experimental),Industrial Music,Experimental,Experimental,,,,,,640
Power Pop,Power Pop,Pop Rock,Pop,Rock,,,,,,,,641
Progressive Breaks,Progressive Breaks,Progressive House,Breakbeat,EDM,House,,,,,,,642
Psychedelic Pop,Psychedelic Pop,Pop,Psych,,,,,,,,,643
Psychedelic Soul,Psychedelic Soul,R&B,Psych,Soul,,,,,,,,644
Psychobilly,Psychobilly,Rockabilly,Rock & Roll,Punk Rock,Punk,Rock,,,,,,645
Folk Punk,F0lk Punk,Punk Rock,Punk,,,,,,,,,646
Celtic Punk,Celtic Punk,Folk Punk,Punk Rock,Punk,,,,,,,,647
Gypsy Punk,Gypsy Punk,Folk Punk,Punk Rock,Punk,,,,,,,,648
Horror Punk,Horror Punk,Punk Rock,Punk,,,,,,,,,649
Ragtime,Ragtime,American Folk Music,Traditional Folk,Folk,Regional Music,,,,,,,650
Rock Opera,Rock 0pera,Rock,Descriptor Genres,,,,,,,,,651
Romanian Popcorn,Romanian Popcorn,EDM,Dance-Pop,Pop,,,,,,,,652
Samba Soul,Samba Soul,R&B,Brazilian Music,Samba,Soul,Regional Music,,,,,,653
Screamo,Screamo,Emo,Post-Hardcore,Punk,,,,,,,,654
Emoviolence,Emoviolence,Powerviolence,Screamo,Hardcore Punk,Post-Hardcore,Punk Rock,Punk,Emo,,,,655
Singeli,Singeli,EDM,East African Music,African Music,Regional Music,,,,,,,656
Ska Punk,Ska Punk,Third Wave Ska,Punk Rock,Punk,Ska,,,,,,,657
Soft Rock,Soft Rock,Pop Rock,Pop,Rock,Pop,,,,,,,658
South Asian Classical Music,South Asian Classical Music,South Asian Music,Classical,Regional Music,,,,,,,,659
Hindustani Classical Music,Hindustani Classical Music,South Asian Classical Music,South Asian Music,Classical,Regional Music,,,,,,,660
Southeast Asian Folk Music,Southeast Asian Folk Music,Traditional Folk,Southeast Asian Music,Folk,Regional Music,,,,,,,661
Space Disco,Space Disco,Electro-Disco,EDM,Dance,Disco,,,,,,,662
Space Rock,Space Rock,Psychedelic Rock,Psych,Rock,,,,,,,,663
Spanish Folk Music,Spanish Folk Music,Traditional Folk,European Folk Music,Spanish Music,Folk,Regional Music,,,,,,664
Spirituals,Spirituals,American Folk Music,Traditional Folk,Folk,Regional Music,,,,,,,665
Surf Punk,Surf Punk,Punk Rock,Surf,Rock,Punk,,,,,,,666
Synth Punk,Synth Punk,Electronic,Punk,,,,,,,,,667
Tech House,Tech House,EDM,House,,,,,,,,,668
Traditional Black Gospel,Traditional Black Gospel,American Folk Music,Traditional Folk,Gospel,Folk,Regional Music,,,,,,669
Traditional Country,Traditional Country,American Folk Music,Traditional Folk,Folk,Country,Regional Music,,,,,,670
Country Boogie,Country B00gie,Traditional Country,American Folk Music,Traditional Folk,Folk,Country,Regional Music,,,,,671
Country Gospel,Country Gospel,Traditional Country,American Folk Music,Traditional Folk,Gospel,Folk,Country,Regional Music,,,,672
Close Harmony,Close Harmony,Traditional Country,American Folk Music,Traditional Folk,Folk,Country,Regional Music,,,,,673
Cowboy,Cowboy,Traditional Country,American Folk Music,Traditional Folk,Folk,Country,Regional Music,,,,,674
Acoustic Texas Blues,Acoustic Texas Blues,Country Blues,American Folk Music,Traditional Folk,Acoustic Blues,Folk,Blues,Regional Music,,,,675
Molam,Molam,Traditional Folk,Southeast Asian Folk Music,Southeast Asian Music,Folk,Regional Music,,,,,,676
Trap Metal,Trap M3tal,Trap (Hip Hop),Hardcore Hip Hop,Hip Hop,,,,,,,,677
UK Drill,UK Dr–ll,Gangsta Rap,Hardcore Hip Hop,Trap (Hip Hop),Drill,Hip Hop,,,,,,678
Flamenco,Flamenco,Traditional Folk,Spanish Folk Music,Spanish Music,Hispanic Music,European Folk Music,Folk,Regional Music,,,,679
Flamenco nuevo,Flamenco nuevo,Traditional Folk,Spanish Folk Music,Spanish Music,Hispanic Music,European Folk Music,Folk,Regional Music,Flamenco,,,680
Vocal Surf,Vocal Surf,Pop Rock,Surf,Pop,Rock,,,,,,,681
Yacht Rock,Yacht Rock,Soft Rock,Pop Rock,Pop,Rock,,,,,,,682
Work Songs,Work Songs,Traditional Folk,Folk,Regional Music,,,,,,,,683
Northern American Music,Northern American Music,Regional Music,,,,,,,,,,684
Boogie Woogie,B00gie Woogie,Northern American Music,Regional Music,,,,,,,,,685
Armenian Music,Armenian Music,West Asian Music,Regional Music,,,,,,,,,686
Skate Punk,Sk*te Punk,Punk Rock,Rock,Punk,,,,,,,,687
Countrypolitan,Countrypolitan,Nashville Sound,Country Pop,Country,Regional Music,Pop,,,,,,688
Idol kayō,Idol kayō,Kayōkyoku,Japanese Music,East Asian Music,Regional Music,,,,,,,689
Chipmunk Soul,Chipmunk S0ul,Hip Hop,,,,,,,,,,690
Hispanic American Music,Hispanic American Music,Hispanic Music,Regional Music,,,,,,,,,691
Latin Soul,Latin Soul,Soul,R&B,Hispanic American Music,Hispanic Music,Regional Music,,,,,,692
Plugg,Plugg,Trap (Hip Hop),Hip Hop,,,,,,,,,693
PluggnB,PluggnB,Plugg,Trap (Hip Hop),Hip Hop,,,,,,,,694
Festival Progressive House,Festival Pr0gressive House,House,EDM,,,,,,,,,695
Utopian Virtual,Utopian Virtual,Vapor,Electronic,,,,,,,,,696
Britfunk,Britfunk,Funk,R&B,,,,,,,,,697
Epic Music,Epic Music,Cinematic Classical,Classical,,,,,,,,,698
Brazilian Bass,Brazilian Bass,House,EDM,,,,,,,,,699
Slap House,Slap House,Brazilian Bass,House,EDM,,,,,,,,700
Flamenco Jazz,Flamenco Jazz,Jazz,Flamenco nuevo,Traditional Folk,Folk,Regional Music,Spanish Folk Music,European Folk Music,Spanish Music,Hispanic Music,Flamenco,701
Power Noise,Power Noise,Noise,Experimental,Post-Industrial,Industrial Music,,,,,,,702
European Music,European Music,Regional Music,,,,,,,,,,703
Medieval Classical Music,Medieval Classical Music,Western Classical,Classical,,,,,,,,,704
Christian Liturgical Music,Christian Liturgical Music,Regional Music,,,,,,,,,,705
Plainsong,Plainsong,Medieval Classical Music,Western Classical,Classical,Christian Liturgical Music,Regional Music,,,,,,706
Gregorian Chant,Gregorian Chant,Plainsong,Medieval Classical Music,Western Classical,Classical,Christian Liturgical Music,Regional Music,,,,,707
Latin House,Latin House,House,EDM,,,,,,,,,708
Truck Driving Country,Truck Driving Country,Honky Tonk,Country,Regional Music,,,,,,,,709
Bakersfield Sound,Bakersfield Sound,Honky Tonk,Country,Regional Music,,,,,,,,710
Afro-Jazz,Afro-Jazz,Jazz,African Music,Regional Music,,,,,,,,711
New Rave,New Rave,Alt Dance,Alt Rock,Rock,Dance,Indie Rock,,,,,,712
J-Rock,J-Rock,Alt Rock,Rock,,,,,,,,,713
Happy Hardcore,Happy Hardcore,Hardcore (EDM),EDM,,,,,,,,,714
Hard Dance,Hard Danc3,EDM,,,,,,,,,,715
UK Hardcore,UK Hardcore,Happy Hardcore,Hardcore (EDM),EDM,Hard Dance,,,,,,,716
Brazilian Classical Music,Brazilian Classical Music,Brazilian Music,Regional Music,Western Classical,Classical,,,,,,,717
Flashcore,Flashcore,Electronic,,,,,,,,,,718
Tropical Rock,Tropical Rock,Soft Rock,Pop Rock,Pop,Rock,,,,,,,719
Classical Crossover,Cl*ssical Crossover,Pop,,,,,,,,,,720
Drumless,Drumless,Hip Hop,,,,,,,,,,721
Glam Metal,Glam M3tal,Hard Rock,Rock,,,,,,,,,722
Classical March,Classical March,Western Classical,Classical,,,,,,,,,723
Modern Creative,Modern Creative,Experimental,,,,,,,,,,724
Chopped and Screwed,Chopped and Screwed,Hip Hop,,,,,,,,,,725
New Music,New Music,Pop,,,,,,,,,,726
Salsa,Salsa,Hispanic American Music,Hispanic Music,Regional Music,,,,,,,,727
Salsa dura,Salsa dura,Salsa,Hispanic American Music,Hispanic Music,Regional Music,,,,,,,728
Descarga,Descarga,Cuban Music,Latin American Music,Hispanic Music,Regional Music,,,,,,,729
Zolo,Zolo,Rock,,,,,,,,,,730
Marabi,Marabi,Southern African Music,African Music,Regional Music,Jazz,,,,,,,731
Louisiana Music,Louisiana Music,Northern American Music,Regional Music,,,,,,,,,732
Mbaqanga,Mbaqanga,Marabi,Southern African Music,African Music,Regional Music,Jazz,,,,,,733
Zydeco,Zydeco,Louisiana Music,Northern American Music,Regional Music,,,,,,,,734
Korean Ballad,Korean Ballad,Pop,,,,,,,,,,735
Rage,R@ge,Trap (Hip Hop),Hip Hop,,,,,,,,,736
Witch House,Witch H0use,Electronic,,,,,,,,,,737
Tread,Tread,Trap (Hip Hop),Hip Hop,,,,,,,,,738
Vanguarda paulista,Vanguarda paulista,Brazilian Music,Regional Music,,,,,,,,,739
Bluegrass,Bluegrass,Country,Regional Music,,,,,,,,,740
Hip Hop Soul,Hip H0p S0ul,Contemporary R&B,R&B,,,,,,,,,741
Soukous,Soukous,Central African Music,African Music,Regional Music,,,,,,,,742
Fon Music,Fon Music,West African Music,African Music,Regional Music,,,,,,,,743
Spanish Classical Music,Spanish Classical Music,Spanish Music,Hispanic Music,Regional Music,Western Classical,Classical,,,,,,744
Horror Synth,Horror Synth,Electronic,,,,,,,,,,745
Big Music,Big Music,Pop Rock,Pop,Rock,,,,,,,,746
Deep Tech,Deep Tech,Tech House,House,EDM,,,,,,,,747
Spy Music,Spy Music,Jazz,Cinematic Classical,Classical,,,,,,,,748
Post-Britpop,Post-Britp0p,Alt Rock,Rock,Pop Rock,Pop,,,,,,,749
French Electro,French Electro,Electro House,EDM,House,,,,,,,,750
Ballroom,Ballroom,House,EDM,,,,,,,,,751
Diva House,Diva House,House,EDM,,,,,,,,,752
Ambient Americana,Ambient Am–ricana,Ambient,Northern American Music,Regional Music,,,,,,,,753
Math Pop,Math P0p,Indie Rock,Alt Rock,Rock,Math Rock,,,,,,,754
Akishibu-kei,Akishibu-kei,Shibuya-kei,Pop,J-Pop,,,,,,,,755
Lo-Fi House,Lo-Fi House,Outsider House,EDM,House,,,,,,,,756
Funk brasileiro,F–nk brasileiro,Brazilian Music,Regional Music,,,,,,,,,757
Funk mandelão,F–nk mandelão,Brazilian Music,Regional Music,Funk brasileiro,,,,,,,,758
Melodic Black Metal,Melodic Black Metal,Black Metal,Metal,,,,,,,,,759
Easycore,Easycore,Pop Punk,Punk Rock,Rock,Punk,Hardcore (Punk),,,,,,760
Grebo,Grebo,Alt Dance,Alt Rock,Rock,Dance,,,,,,,761
Deathcore,Deathcore,Metalcore,Hardcore Punk,Punk Rock,Rock,Punk,Metal,,,,,762
Hybrid Trap,Hybrid Trap,Trap (EDM),EDM,,,,,,,,,763
Yakousei,Yakousei,J-Rock,Alt Rock,Rock,,,,,,,,764
Breakstep,Breakstep,UK Garage,EDM,,,,,,,,,765
Dembow,Dembow,Hispanic American Music,Hispanic Music,Regional Music,Caribbean Music,,,,,,,766
Merengue,Merengue,Hispanic American Music,Hispanic Music,Regional Music,Caribbean Music,,,,,,,767
Mambo urbano,Mambo urbano,Merengue,Hispanic American Music,Hispanic Music,Regional Music,Caribbean Music,,,,,,768
Opera,Opera,Western Classical,Classical,,,,,,,,,769
Trancecore,Tr–ncecore,Hardcore (Punk),Punk,Rock,,,,,,,,770
Neo-Acoustic,Neo-Acoustic,Indie Pop,Pop,Jangle Pop,Pop Rock,Rock,Alt Rock,,,,,771
Ballet,Ballet,Western Classical,Classical,,,,,,,,,772