Pure Tag,Edited Version (if appl.) –,I. Parents,A1,A2,A3,A4,A5,A6,A7,A8,A9,A10,A11,A12
Top-level,Top-level,,,,,,,,,,,,,
Ambient,Ambient,Top-level,Top-level,,,,,,,,,,,
Blues,Blues,Top-level,Top-level,,,,,,,,,,,
Classical,Classical,Top-level,Top-level,,,,,,,,,,,
Comedy,Comedy,Top-level,Top-level,,,,,,,,,,,
Dance,Dance,Top-level,Top-level,,,,,,,,,,,
Darkwave,Darkwave,Top-level,Top-level,,,,,,,,,,,
Descriptor Genres,Descriptor Genres,Top-level,Top-level,,,,,,,,,,,
Electronic,Electronic,Top-level,Top-level,,,,,,,,,,,
EDM,EDM,Top-level,Dance,Electronic,Top-level,,,,,,,,,
Experimental,Experimental,Top-level,Top-level,,,,,,,,,,,
Field Recordings,Field Recordings,Top-level,Top-level,,,,,,,,,,,
Folk,Folk,Top-level,Top-level,,,,,,,,,,,
Hip Hop,Hip Hop,Top-level,Top-level,,,,,,,,,,,
Industrial & Noise,Industrial & Noise,Top-level,Top-level,,,,,,,,,,,
Jazz,Jazz,Top-level,Top-level,,,,,,,,,,,
Rock,Rock,Top-level,Top-level,,,,,,,,,,,
Metal,Metal,Top-level,Rock,Top-level,,,,,,,,,,
Musical Theatre,Musical Theatre,Top-level,Top-level,,,,,,,,,,,
New Age,New Age,Top-level,Top-level,,,,,,,,,,,
No Genre,No Genre,Top-level,Top-level,,,,,,,,,,,
Pop,Pop,Top-level,Top-level,,,,,,,,,,,
Psych,Psych,Top-level,Top-level,,,,,,,,,,,
Punk,Punk,Top-level,Top-level,,,,,,,,,,,
R&B,R&B,Top-level,Top-level,,,,,,,,,,,
Funk,Funk,R&B,R&B,Top-level,,,,,,,,,,
Soul,Soul,R&B,R&B,Top-level,,,,,,,,,,
Scenes & Movements,Scenes & Movements,Top-level,Top-level,,,,,,,,,,,
Regional Music,Regional Music,Top-level,Top-level,,,,,,,,,,,
Northern American Music,Northern American Music,Regional Music,Regional Music,,,,,,,,,,,
South American Music,South American Music,Regional Music,Regional Music,,,,,,,,,,,
Asian Music,Asian Music,Regional Music,Regional Music,,,,,,,,,,,
Reggae / Ska / Dancehall,Reg / Sk / Dan,Top-level,Top-level,,,,,,,,,,,
Country,Country,Northern American Music,Northern American Music,Regional Music,Top-level,,,,,,,,,
Singer-Songwriter,Singer-Songwriter,Top-level,Top-level,,,,,,,,,,,
Ska,Ska,Reggae / Ska / Dancehall,Reggae / Ska / Dancehall,,,,,,,,,,,
Ambient Pop,Amb–ent P0p,Top-level,Top-level,,,,,,,,,,,
Dark Cabaret,Dark C–baret,Top-level,Top-level,,,,,,,,,,,
Easy Listening,Easy Listening,Top-level,Top-level,,,,,,,,,,,
Mashup,Mashup,Top-level,Top-level,,,,,,,,,,,
Visual kei,Visual kei,Top-level,Top-level,,,,,,,,,,,
Shibuya-kei,Shibuya-kei,Scenes & Movements,Scenes & Movements,,,,,,,,,,,
European Music,European Music,Regional Music,Regional Music,,,,,,,,,,,
Dance-Pop,Dance-Pop,Dance; Pop,Dance,Pop,,,,,,,,,,
2 Tone,2 Tone,Ska,Ska,Reggae / Ska / Dancehall,,,,,,,,,,
A cappella,A cappella,Descriptor Genres,Descriptor Genres,,,,,,,,,,,
Abstract Hip Hop,Abstract Hip Hop,Hip Hop,Hip Hop,,,,,,,,,,,
Acoustic Blues,Acoustic Blues,Blues,Blues,,,,,,,,,,,
Acoustic Rock,Acoustic Rock,Rock,Rock,,,,,,,,,,,
Adult Contemporary,Adult Contemporary,Pop,Pop,,,,,,,,,,,
African Music,African Music,Regional Music,Regional Music,,,,,,,,,,,
Alternative Metal,Alternative Metal,Metal,Metal,Rock,,,,,,,,,,
Alternative Rock,Alternative Rock,Rock,Rock,,,,,,,,,,,
Alt-Country,Alt-Country,Country,Country,Northern American Music,Regional Music,,,,,,,,,
Alt-Pop,Alt-Pop,Pop,Pop,,,,,,,,,,,
Americana,Americana,Northern American Music,Northern American Music,Regional Music,,,,,,,,,,
Andean New Age,Andean New Age,New Age,New Age,,,,,,,,,,,
AOR,AOR,Rock,Rock,,,,,,,,,,,
Arabic Music,Arabic Music,Regional Music,Regional Music,,,,,,,,,,,
Art Pop,Art Pop,Pop,Pop,,,,,,,,,,,
Art Punk,Art Punk,Punk,Punk,,,,,,,,,,,
Art Rock,Art Rock,Rock,Rock,,,,,,,,,,,
Avant-Garde Jazz,Avant-Garde Jazz,Jazz,Jazz,,,,,,,,,,,
Avant-Garde Metal,Avant-Garde Metal,Metal,Metal,Rock,,,,,,,,,,
Balkan Music,Balkan Music,Regional Music,Regional Music,European Music,,,,,,,,,,
Baroque Pop,Baroque Pop,Pop,Pop,,,,,,,,,,,
Bebop,Bebop,Jazz,Jazz,,,,,,,,,,,
Big Band,Big Band,Jazz,Jazz,,,,,,,,,,,
Bit Music,Bit Music,Electronic,Electronic,,,,,,,,,,,
Black Metal,Black Metal,Metal,Metal,Rock,,,,,,,,,,
Blue-Eyed Soul,Blue-Eyed S0ul,Pop,Pop,,,,,,,,,,,
Blues Rock,Bl–es Rock,Rock,Rock,,,,,,,,,,,
Boy Band,Boy Band,Pop,Pop,,,,,,,,,,,
Brazilian Music,Brazilian Music,South American Music,South American Music,Regional Music,,,,,,,,,,
Breakbeat,Breakbeat,EDM,EDM,Dance,Electronic,,,,,,,,,
Brill Building,Brill Building,Pop,Pop,,,,,,,,,,,
Bubblegum,B–bblegum,Pop,Pop,,,,,,,,,,,
Bubblegum Bass,Bubblegum Bass,EDM,EDM,Dance,Electronic,,,,,,,,,
C-Pop,C-Pop,Pop,Pop,,,,,,,,,,,
Caribbean Music,Caribbean Music,Regional Music,Regional Music,,,,,,,,,,,
Cartoon Music,Cartoon Music,Jazz,Jazz,,,,,,,,,,,
Celtic New Age,Celtic New Age,New Age; European Music,New Age,European Music,Regional Music,,,,,,,,,
Chamber Jazz,Chamber Jazz,Jazz,Jazz,,,,,,,,,,,
Chanson,Chanson,European Music,Regional Music,European Music,,,,,,,,,,
Children's Music,Children's Music,Descriptor Genres,Descriptor Genres,,,,,,,,,,,
CCM,CCM,Scenes & Movements,,,,,,,,,,,,
Christian Hip Hop,Christian Hip Hop,CCM; Hip Hop,CCM,Hip Hop,Scenes & Movements,,,,,,,,,
Christian Rock,Christian Rock,CCM; Rock,CCM,Rock,Scenes & Movements,,,,,,,,,
Cinematic Classical,Cinematic Classical,Classical,Classical,,,,,,,,,,,
Cloud Rap,Cloud Rap,Hip Hop,Hip Hop,,,,,,,,,,,
Conscious Hip Hop,Conscious Hip Hop,Hip Hop,Hip Hop,,,,,,,,,,,
Contemporary Country,Contemporary Country,Country,Country,Northern American Music,Regional Music,,,,,,,,,
Contemporary Folk,Contemporary Folk,Folk,Folk,,,,,,,,,,,
Contemporary R&B,Contemporary R&B,R&B,R&B,,,,,,,,,,,
Cool Jazz,Cool Jazz,Jazz,Jazz,,,,,,,,,,,
Country Rock,C0untry Rock,Rock,Rock,,,,,,,,,,,
Crunk,Crunk,Hip Hop,Hip Hop,,,,,,,,,,,
Dark Jazz,Dark Jazz,Jazz,Jazz,,,,,,,,,,,
Death Metal,Death Metal,Metal,Metal,Rock,,,,,,,,,,
Dirty South,Dirty South,Hip Hop,Hip Hop,,,,,,,,,,,
Disco,Disco,Dance,Dance,,,,,,,,,,,
Disco Rap,D–sco Rap,Hip Hop,Hip Hop,,,,,,,,,,,
Dixieland,Dixieland,Jazz,Jazz,,,,,,,,,,,
Doo-Wop,Doo-Wop,R&B,R&B,,,,,,,,,,,
Doom Metal,Doom Metal,Metal,Metal,Rock,,,,,,,,,,
Downtempo,Downtempo,Electronic,Electronic,,,,,,,,,,,
Drone,Drone,Experimental,Experimental,,,,,,,,,,,
Drone Metal,Dr0ne Metal,Metal,Metal,Rock,,,,,,,,,,
Drum and Bass,Drum and Bass,EDM,EDM,Dance,Electronic,,,,,,,,,
Dubstep,Dubstep,EDM,EDM,Dance,Electronic,,,,,,,,,
East Asian Music,East Asian Music,Asian Music,Asian Music,Regional Music,,,,,,,,,,
East Coast Hip Hop,East Coast Hip Hop,Hip Hop; Scenes & Movements,Hip Hop,Scenes & Movements,,,,,,,,,,
ECM Style Jazz,ECM Style Jazz,Jazz,Jazz,,,,,,,,,,,
Electric Blues,Electric Blues,Blues,Blues,,,,,,,,,,,
Electro,Electr0,EDM,EDM,Dance,Electronic,,,,,,,,,
Electroclash,Electroclash,EDM,EDM,Dance,Electronic,,,,,,,,,
Emo,Emo,Punk,Punk,,,,,,,,,,,
Emo Rap,Em0 Rap,Hip Hop,Hip Hop,,,,,,,,,,,
Ethereal Wave,Ethereal Wave,Darkwave,Darkwave,,,,,,,,,,,
Europop,Europop,Pop,Pop,,,,,,,,,,,
Experimental Hip Hop,Exp–rimental Hip Hop,Hip Hop,Hip Hop,,,,,,,,,,,
Experimental Rock,Exp–rimental Rock,Rock,Rock,,,,,,,,,,,
Folk Metal,F0lk Metal,Metal,Metal,Rock,,,,,,,,,,
Folk Rock,F0lk Rock,Rock,Rock,,,,,,,,,,,
Folktronica,F0lktronica,Electronic,Electronic,,,,,,,,,,,
Free Improvisation,Free Improvisation,Experimental,Experimental,,,,,,,,,,,
French Pop,French Pop,Pop,Pop,,,,,,,,,,,
Acid Jazz,Acid Jazz,Funk,Funk,R&B,,,,,,,,,,
Funk Rock,F–nk Rock,Rock,Rock,,,,,,,,,,,
Funktronica,F–nktronica,EDM,EDM,Dance,Electronic,,,,,,,,,
Future Bass,Future Bass,EDM,EDM,Dance,Electronic,,,,,,,,,
G-Funk,G-F–nk,Hip Hop,Hip Hop,,,,,,,,,,,
Garage Rock,Garage Rock,Rock,Rock,,,,,,,,,,,
Girl Group,Girl Group,Pop,Pop,,,,,,,,,,,
Glam Rock,Glam Rock,Rock,Rock,,,,,,,,,,,
Glitch Hop,Glitch Hop,Electronic,Electronic,,,,,,,,,,,
Greek Music,Greek Music,European Music,Regional Music,European Music,,,,,,,,,,
Grime,Grime,EDM,EDM,Dance,Electronic,,,,,,,,,
Groove Metal,Groove Metal,Metal,Metal,Rock,,,,,,,,,,
Hard Rock,Hard Rock,Rock,Rock,,,,,,,,,,,
Hardcore [EDM],Hardcore [EDM],EDM,EDM,Dance,Electronic,,,,,,,,,
Hardcore [Punk],Hardcore [Punk],Punk; Rock,Punk,Rock,,,,,,,,,,
Hardcore Hip Hop,Hardcore Hip Hop,Hip Hop,Hip Hop,,,,,,,,,,,
Heartland Rock,Heartland Rock,Rock,Rock,,,,,,,,,,,
Heavy Metal,Heavy Metal,Metal,Metal,Rock,,,,,,,,,,
HexD,HexD,Electronic,Electronic,,,,,,,,,,,
Hispanic Music,Hispanic Music,Regional Music,Regional Music,,,,,,,,,,,
Holiday Music,Holiday Music,Descriptor Genres,Descriptor Genres,,,,,,,,,,,
Honky Tonk,Honky Tonk,Country,Country,Northern American Music,Regional Music,,,,,,,,,
House,House,EDM,EDM,Dance,Electronic,,,,,,,,,
Hyphy,Hyphy,Hip Hop,Hip Hop,,,,,,,,,,,
IDM,IDM,Electronic,Electronic,,,,,,,,,,,
Illbient,Illbient,Electronic,Electronic,,,,,,,,,,,
Indie Pop,Indie Pop,Pop,Pop,,,,,,,,,,,
Indietronica,Indietronica,Electronic,Electronic,,,,,,,,,,,
Instrumental Hip Hop,Instrumental Hip Hop,Hip Hop,Hip Hop,,,,,,,,,,,
J-Pop,J-Pop,Pop; Scenes & Movements,Pop,Scenes & Movements,,,,,,,,,,
Japanese Hip Hop,Japanese Hip Hop,Hip Hop; Scenes & Movements,Hip Hop,Scenes & Movements,,,,,,,,,,
Jazz Fusion,Jazz Fusion,Jazz,Jazz,,,,,,,,,,,
Jazz Pop,J–zz Pop,Pop,Pop,,,,,,,,,,,
Jazz Rap,J–zz Rap,Hip Hop,Hip Hop,,,,,,,,,,,
Jazz-Rock,J–zz-Rock,Rock,Rock,,,,,,,,,,,
K-Pop,K-Pop,Pop,Pop,,,,,,,,,,,
Latin Rap,Latin Rap,Hip Hop,Hip Hop,,,,,,,,,,,
Math Rock,Math Rock,Rock,Rock,,,,,,,,,,,
Miami Bass,Miami Bass,Hip Hop; Dance,Hip Hop,Dance,,,,,,,,,,
Minimal Wave,Minimal Wave,Electronic,Electronic,,,,,,,,,,,
Mobb Music,Mobb Music,Hip Hop,Hip Hop,,,,,,,,,,,
Mod,M0d,Rock; Scenes & Movements,Rock,Scenes & Movements,,,,,,,,,,
Modal Jazz,Modal Jazz,Jazz,Jazz,,,,,,,,,,,
Modern Classical,Modern Classical,Classical,Classical,,,,,,,,,,,
Moombahton,Moombahton,EDM,EDM,Dance,Electronic,,,,,,,,,
Musical Comedy,Musical Comedy,Comedy,Comedy,,,,,,,,,,,
Musical Parody,Musical Parody,Descriptor Genres,Descriptor Genres,,,,,,,,,,,
Nature Recordings,Nature Recordings,Field Recordings,Field Recordings,,,,,,,,,,,
Neo-Psychedelia,Neo-Psychedelia,Psych,Psych,,,,,,,,,,,
Neoclassical Darkwave,Neocl–ssical Darkwave,Darkwave,Darkwave,,,,,,,,,,,
Neoclassical New Age,Neocl–ssical New Age,New Age,New Age,,,,,,,,,,,
Nerdcore Hip Hop,Nerdcore Hip Hop,Hip Hop,Hip Hop,,,,,,,,,,,
New Orleans Blues,New Orleans Blues,Blues,Blues,,,,,,,,,,,
New Orleans R&B,New Orleans R&B,R&B,R&B,,,,,,,,,,,
New Wave,New Wave,Rock,Rock,,,,,,,,,,,
Nightcore,Nightcore,Electronic,Electronic,,,,,,,,,,,
Noise,Noise,Experimental; Industrial & Noise,Experimental,Industrial & Noise,,,,,,,,,,
Noise Rock,N0ise Rock,Rock,Rock,,,,,,,,,,,
Novelty,Novelty,Descriptor Genres,Descriptor Genres,,,,,,,,,,,
Nu Jazz,Nu J–zz,Electronic,Electronic,,,,,,,,,,,
Palingsound,Palingsound,Pop,Pop,,,,,,,,,,,
Piano Blues,Piano Blues,Blues,Blues,,,,,,,,,,,
Plunderphonics,Plunderphonics,Experimental,Experimental,,,,,,,,,,,
Political Hip Hop,Political Hip Hop,Hip Hop,Hip Hop,,,,,,,,,,,
Polynesian Music,Polynesian Music,Regional Music,Regional Music,,,,,,,,,,,
Pop Rap,P0p Rap,Hip Hop,Hip Hop,,,,,,,,,,,
Post-Bop,Post-Bop,Jazz,Jazz,,,,,,,,,,,
Post-Hardcore,Post-Hardcore,Hardcore [Punk],Punk,Hardcore [Punk],Rock,,,,,,,,,
Post-Industrial,Post-Industrial,Industrial & Noise,Industrial & Noise,,,,,,,,,,,
Post-Metal,Post-Metal,Metal,Metal,Rock,,,,,,,,,,
Post-Punk,Post-Punk,Punk,Punk,,,,,,,,,,,
Post-Rock,Post-Rock,Rock,Rock,,,,,,,,,,,
Power Metal,Power Metal,Metal,Metal,Rock,,,,,,,,,,
Progressive Rock,Progressive Rock,Rock,Rock,,,,,,,,,,,
Progressive Country,Progressive Country,Country,Country,Northern American Music,Regional Music,,,,,,,,,
Progressive Electronic,Progressive Electronic,Electronic,Electronic,,,,,,,,,,,
Progressive Metal,Progressive Metal,Metal,Metal,Rock,,,,,,,,,,
Progressive Pop,Progressive Pop,Pop,Pop,,,,,,,,,,,
Proto-Punk,Proto-Punk,Punk,Punk,,,,,,,,,,,
Psybient,Psybient,Electronic,Electronic,,,,,,,,,,,
Pub Rock,Pub Rock,Rock,Rock,,,,,,,,,,,
Rap Rock,Rap Rock,Rock,Rock,,,,,,,,,,,
Reductionism,Reductionism,Experimental,Experimental,,,,,,,,,,,
Rhythm & Blues,Rhythm & Bl–es,R&B,R&B,,,,,,,,,,,
Rock & Roll,Rock & Roll,Rock,Rock,,,,,,,,,,,
Roots Rock,Roots Rock,Rock,Rock,,,,,,,,,,,
Satire,Satire,Descriptor Genres,Descriptor Genres,,,,,,,,,,,
Show Tunes,Show Tunes,Musical Theatre,Musical Theatre,,,,,,,,,,,
Sketch Comedy,Sketch Comedy,Comedy,Comedy,,,,,,,,,,,
Sludge Metal,Sludge Metal,Metal,Metal,Rock,,,,,,,,,,
Smooth Jazz,Smooth Jazz,Jazz,Jazz,,,,,,,,,,,
Snap,Snap,Hip Hop,Hip Hop,,,,,,,,,,,
Sophisti-Pop,Sophisti-Pop,Pop,Pop,,,,,,,,,,,
Soul Blues,S0ul Blues,Blues,Blues,,,,,,,,,,,
Soul Jazz,S0ul Jazz,Jazz,Jazz,,,,,,,,,,,
Sound Collage,Sound Collage,Experimental,Experimental,,,,,,,,,,,
Soundtrack,Soundtrack,Descriptor Genres,Descriptor Genres,,,,,,,,,,,
South Asian Music,South Asian Music,Asian Music,Asian Music,Regional Music,,,,,,,,,,
Southeast Asian Music,Southeast Asian Music,Asian Music,Asian Music,Regional Music,,,,,,,,,,
Southern Hip Hop,Southern Hip Hop,Hip Hop; Scenes & Movements,Hip Hop,Scenes & Movements,,,,,,,,,,
Southern Metal,Southern Metal,Metal,Metal,Rock,,,,,,,,,,
Southern Rock,Southern Rock,Rock,Rock,,,,,,,,,,,
Space Ambient,Space Ambient,Ambient,Ambient,,,,,,,,,,,
Spacesynth,Spacesynth,EDM,EDM,Dance,Electronic,,,,,,,,,
Speed Metal,Speed Metal,Metal,Metal,Rock,,,,,,,,,,
Spoken Word,Spoken Word,Descriptor Genres,Descriptor Genres,,,,,,,,,,,
Stoner Metal,Stoner Metal,Metal,Metal,Rock,,,,,,,,,,
Sunshine Pop,Sunshine Pop,Pop,Pop,,,,,,,,,,,
Surf Music,Surf Music,Rock,Rock,,,,,,,,,,,
Swing,Sw–ng,Jazz,Jazz,,,,,,,,,,,
Symphonic Metal,Symphonic Metal,Metal,Metal,Rock,,,,,,,,,,
Symphonic Rock,Symphonic Rock,Rock,Rock,,,,,,,,,,,
Synthwave,Synthwave,Electronic,Electronic,,,,,,,,,,,
Tape Music,Tape Music,Experimental,Experimental,,,,,,,,,,,
Techno,Techno,EDM,EDM,Dance,Electronic,,,,,,,,,
Teen Pop,Teen Pop,Pop,Pop,,,,,,,,,,,
Third Stream,Third Stream,Jazz,Jazz,,,,,,,,,,,
Third Wave Ska,Third Wave Ska,Ska,Ska,Reggae / Ska / Dancehall,,,,,,,,,,
Thrash Metal,Thrash Metal,Metal,Metal,Rock,,,,,,,,,,
Traditional Pop,Traditional Pop,Pop,Pop,,,,,,,,,,,
Trance,Trance,EDM,EDM,Dance,Electronic,,,,,,,,,
Trap [EDM],Tr@p [EDM],EDM,EDM,Dance,Electronic,,,,,,,,,
Trap,Trap,Hip Hop,Hip Hop,,,,,,,,,,,
Tribal Ambient,Tribal Ambient,Ambient,Ambient,,,,,,,,,,,
Turntable Music,Turntable Music,Experimental,Experimental,,,,,,,,,,,
Turntablism,Turntablism,Hip Hop,Hip Hop,,,,,,,,,,,
UK Bass,UK Bass,EDM,EDM,Dance,Electronic,,,,,,,,,
UK Garage,UK Garage,EDM,EDM,Dance,Electronic,,,,,,,,,
UK Hip Hop,UK Hip Hop,Hip Hop; Scenes & Movements,Hip Hop,Scenes & Movements,,,,,,,,,,
Vapor,Vapor,Electronic,Electronic,,,,,,,,,,,
Vaporwave,Vaporwave,Vapor,Electronic,Vapor,,,,,,,,,,
Vaudeville Blues,Vaudeville Blues,Blues,Blues,,,,,,,,,,,
Vocal Jazz,Vocal Jazz,Jazz,Jazz,,,,,,,,,,,
West Asian Music,West Asian Music,Asian Music,Asian Music,Regional Music,,,,,,,,,,
West Coast Hip Hop,West Coast Hip Hop,Hip Hop; Scenes & Movements,Hip Hop,Scenes & Movements,,,,,,,,,,
Western Classical,Western Classical,Classical,Classical,,,,,,,,,,,
Wonky,Wonky,EDM,EDM,Dance,Electronic,,,,,,,,,
Yé-yé,Yé-yé,Pop,Pop,,,,,,,,,,,
Traditional Folk,Traditional Folk,Folk; Regional Music,Folk,Regional Music,,,,,,,,,,
Punk Rock,Punk Rock,Rock; Punk,Rock,Punk,,,,,,,,,,
Psychedelic Rock,Psychedelic Rock,Rock; Psych,Rock,Psych,,,,,,,,,,
Pop Rock,Pop Rock,Pop; Rock,Pop,Rock,,,,,,,,,,
Psychedelic Folk,Psychedelic Folk,Contemporary Folk; Psych,Contemporary Folk,Folk,Psych,Folk,,,,,,,,
Eurodance,Eurodance,EDM; Dance-Pop,EDM,Dance-Pop,Pop,Dance,Electronic,,,,,,,
Synthpop,Synthpop,Electronic; Pop,Electronic,Pop,,,,,,,,,,
Pop Soul,Pop Soul,Pop; Soul,R&B,Pop,Soul,,,,,,,,,
Hardcore Punk,Hardcore Punk,Punk Rock; Hardcore [Punk],Punk Rock,Rock,Punk,Hardcore [Punk],,,,,,,,
European Folk Music,European Folk Music,Traditional Folk; European Music,Traditional Folk,Folk,Regional Music,European Music,,,,,,,,
2-Step,2-Step,UK Garage,UK Garage,EDM,Dance,Electronic,,,,,,,,
Acid House,Acid House,House,EDM,House,Dance,Electronic,,,,,,,,
Acid Techno,Acid Techno,Techno,EDM,Techno,Dance,Electronic,,,,,,,,
Acid Trance,Acid Trance,Trance,EDM,Trance,Dance,Electronic,,,,,,,,
Acidcore,Acidcore,Hardcore [EDM],Hardcore [EDM],EDM,Dance,Electronic,,,,,,,,
Afro-House,Afro-House,House,EDM,House,Dance,Electronic,,,,,,,,
Alternative R&B,Alternative R&B,Contemporary R&B,Contemporary R&B,R&B,,,,,,,,,,
Ambient House,Amb–ent House,House,EDM,House,Dance,Electronic,,,,,,,,
Ambient Techno,Amb–ent Techno,Techno,EDM,Techno,Dance,Electronic,,,,,,,,
Ambient Trance,Amb–ent Trance,Trance,EDM,Trance,Dance,Electronic,,,,,,,,
American Primitivism,American Primitivism,Contemporary Folk,Contemporary Folk,Folk,,,,,,,,,,
Anti-Folk,Anti-Folk,Contemporary Folk,Contemporary Folk,Folk,,,,,,,,,,
Atlanta Bass,Atlanta Bass,Miami Bass,Miami Bass,Hip Hop,,,,,,,,,,
Atmospheric Black Metal,Atmospheric Black Metal,Black Metal,Black Metal,Metal,Rock,,,,,,,,,
Atmospheric Drum and Bass,Atmospheric Drum and Bass,Drum and Bass,EDM,Drum and Bass,Dance,Electronic,,,,,,,,
Atmospheric Sludge Metal,Atmospheric Sludge Metal,Sludge Metal,Sludge Metal,Metal,Rock,,,,,,,,,
Avant-Folk,Avant-Folk,Contemporary Folk,Contemporary Folk,Folk,,,,,,,,,,
Baggy,Baggy,Alternative Rock,Alternative Rock,Rock,,,,,,,,,,
Balearic Beat,Balearic Beat,EDM,EDM,Dance,Electronic,,,,,,,,,
Baroque Music,Baroque Music,Western Classical,Western Classical,Classical,European Music,Regional Music,,,,,,,,
Bassline,Bassline,UK Garage,UK Garage,EDM,Dance,Electronic,,,,,,,,
Bedroom Pop,Bedroom Pop,Indie Pop,Indie Pop,Pop,,,,,,,,,,
Berlin School,Berlin School,Progressive Electronic,Progressive Electronic,Electronic,,,,,,,,,,
Big Beat,Big Beat,Breakbeat,Breakbeat,EDM,Dance,Electronic,,,,,,,,
Black 'n' Roll,Black 'n' Roll,Black Metal,Black Metal,Metal,Rock,,,,,,,,,
Bleep Techno,Bleep Techno,Techno,EDM,Techno,Dance,Electronic,,,,,,,,
Boom Bap,Boom Bap,Hip Hop,Hip Hop,,,,,,,,,,,
Bossa nova,Bossa nova,Brazilian Music,Brazilian Music,South American Music,Regional Music,,,,,,,,,
Breakcore,Breakcore,Hardcore [EDM],Hardcore [EDM],EDM,Dance,Electronic,,,,,,,,
British Music,British Music,European Music,European Music,Regional Music,,,,,,,,,,
British Folk Rock,British F0lk Rock,Folk Rock; British Music,Folk Rock,Rock,British Music,European Music,Regional Music,,,,,,,
Brostep,Brostep,Dubstep,Dubstep,EDM,Dance,Electronic,,,,,,,,
Brutal Death Metal,Brutal Death Metal,Death Metal,Death Metal,Metal,Rock,,,,,,,,,
Carols,Carols,Holiday Music,Holiday Music,Descriptor Genres,,,,,,,,,,
Celtic Rock,Celtic Rock,Folk Rock; European Music,Folk Rock,Rock,European Music,Regional Music,,,,,,,,
Central African Music,Central African Music,African Music,African Music,Regional Music,,,,,,,,,,
Chamber Folk,Chamber Folk,Contemporary Folk,Contemporary Folk,Folk,,,,,,,,,,
Chamber Music,Chamber Music,Western Classical,Western Classical,Classical,,,,,,,,,,
Chamber Pop,Chamber Pop,Indie Pop,Indie Pop,Pop,,,,,,,,,,
Chicago Blues,Chicago Blues,Electric Blues,Electric Blues,Blues,,,,,,,,,,
Chicago House,Chicago House,House,EDM,House,Dance,Electronic,,,,,,,,
Chicago Soul,Chicago Soul,Soul,R&B,Soul,,,,,,,,,,
Chillstep,Chillstep,Dubstep,Dubstep,EDM,Dance,Electronic,,,,,,,,
Chillwave,Chillwave,Indietronica,Indietronica,Electronic,,,,,,,,,,
Chiptune,Chiptune,Bit Music,Bit Music,Electronic,,,,,,,,,,
City Pop,City Pop,Pop,Pop,,,,,,,,,,,
Classical Period,Classical Period,Western Classical; European Music,Western Classical,Classical,European Music,Regional Music,,,,,,,,
Waltz,Waltz,European Music,European Music,Regional Music,,,,,,,,,,
Comedy Rock,Comedy Rock,Musical Comedy,Musical Comedy,Comedy,,,,,,,,,,
Country Soul,C0untry Soul,Soul,R&B,Soul,,,,,,,,,,
Crunkcore,Crunkcore,Crunk,Hip Hop,Crunk,,,,,,,,,,
Dancefloor Drum and Bass,Dancefloor Drum and Bass,Drum and Bass,EDM,Drum and Bass,Dance,Electronic,,,,,,,,
Deep Funk,Deep Funk,Funk,R&B,Funk,,,,,,,,,,
Deep House,Deep House,House,EDM,House,Dance,Electronic,,,,,,,,
Deep Soul,Deep Soul,Soul,R&B,Soul,,,,,,,,,,
Depressive Black Metal,Depressive Black Metal,Black Metal,Black Metal,Metal,Rock,,,,,,,,,
Detroit Techno,Detroit Techno,Techno,EDM,Techno,Dance,Electronic,,,,,,,,
Dream Pop,Dream P0p,Alternative Rock,Alternative Rock,Rock,,,,,,,,,,
Dream Trance,Dream Trance,Trance,EDM,Trance,Dance,Electronic,,,,,,,,
Drill and Bass,Drill and Bass,IDM,IDM,Electronic,,,,,,,,,,
Dutch House,Dutch House,House,EDM,House,Dance,Electronic,,,,,,,,
East African Music,East African Music,African Music,African Music,Regional Music,,,,,,,,,,
Electric Texas Blues,Electric Texas Blues,Electric Blues,Electric Blues,Blues,,,,,,,,,,
Electro House,Electro House,House,EDM,House,Dance,Electronic,,,,,,,,
Emo-Pop,Emo-P0p,Emo,Punk,Emo,,,,,,,,,,
Euro House,Euro House,House,EDM,House,Dance,Electronic,,,,,,,,
Euro-Disco,Euro-Disco,Disco,Dance,Disco,,,,,,,,,,
Euro-Trance,Euro-Trance,Trance,EDM,Trance,Dance,Electronic,,,,,,,,
Film Soundtrack,Film Soundtrack,Soundtrack,Soundtrack,Descriptor Genres,,,,,,,,,,
Folk Baroque,Folk Baroque,Contemporary Folk,Contemporary Folk,Folk,,,,,,,,,,
Free Jazz,Free Jazz,Avant-Garde Jazz,Avant-Garde Jazz,Jazz,,,,,,,,,,
French House,French House,House,EDM,House,Dance,Electronic,,,,,,,,
Funky House,F–nky House,House,EDM,House,Dance,Electronic,,,,,,,,
Future Garage,Future Garage,UK Garage,UK Garage,EDM,Dance,Electronic,,,,,,,,
Future House,Future House,House,EDM,House,Dance,Electronic,,,,,,,,
Gabber,Gabber,Hardcore [EDM],Hardcore [EDM],EDM,Dance,Electronic,,,,,,,,
Gangsta Rap,Gangsta Rap,Hardcore Hip Hop,Hardcore Hip Hop,Hip Hop,,,,,,,,,,
Garage House,Garage House,House,EDM,House,Dance,Electronic,,,,,,,,
Garage Rock Revival,Garage Rock Revival,Garage Rock,Garage Rock,Rock,,,,,,,,,,
Ghetto House,Ghetto House,House,EDM,House,Dance,Electronic,,,,,,,,
Goa Trance,Goa Trance,Trance,EDM,Trance,Dance,Electronic,,,,,,,,
Gothic Country,Gothic Country,Alt-Country,Alt-Country,Country,Northern American Music,Regional Music,,,,,,,,
Grunge,Grunge,Alternative Rock,Alternative Rock,Rock,,,,,,,,,,
Halftime,Halftime,Drum and Bass,Drum and Bass,EDM,Dance,Electronic,,,,,,,,
Hard Bop,Hard Bop,Bebop,Bebop,Jazz,,,,,,,,,,
Hard Trance,Hard Trance,Trance,EDM,Trance,Dance,Electronic,,,,,,,,
Hardstep,Hardstep,Drum and Bass,Drum and Bass,EDM,Dance,Electronic,,,,,,,,
Harsh Noise,Harsh Noise,Noise,Experimental,Noise,Industrial & Noise,,,,,,,,,
Hawaiian Music,Hawaiian Music,Polynesian Music,Polynesian Music,Regional Music,,,,,,,,,,
Hip House,Hip House,House,EDM,House,Dance,Electronic,,,,,,,,
Horrorcore,Horrorcore,Hardcore Hip Hop,Hardcore Hip Hop,Hip Hop,,,,,,,,,,
Hypnagogic Pop,Hypnagogic Pop,Neo-Psychedelia,Neo-Psychedelia,Psych,,,,,,,,,,
Ibiza Trance,Ibiza Trance,Trance,EDM,Trance,Dance,Electronic,,,,,,,,
Impressionism,Impressionism,Western Classical,Western Classical,Classical,,,,,,,,,,
Indie Folk,Indie Folk,Contemporary Folk,Contemporary Folk,Folk,,,,,,,,,,
Indie Rock,Indie Rock,Alternative Rock,Alternative Rock,Rock,,,,,,,,,,
Industrial Hip Hop,Industrial Hip Hop,Experimental Hip Hop,Experimental Hip Hop,Hip Hop,,,,,,,,,,
Italo House,Italo House,House,EDM,House,Dance,Electronic,,,,,,,,
Jamaican Music,Jamaican Music,Caribbean Music,Caribbean Music,Regional Music,,,,,,,,,,
Japanese Music,Japanese Music,East Asian Music,East Asian Music,Asian Music,Regional Music,,,,,,,,,
Jazzstep,J–zzstep,Drum and Bass,Drum and Bass,EDM,Dance,Electronic,,,,,,,,
Jump-Up,Jump-Up,Drum and Bass,Drum and Bass,EDM,Dance,Electronic,,,,,,,,
Jungle,Jungle,Drum and Bass,Drum and Bass,EDM,Dance,Electronic,,,,,,,,
Hispanic American Music,Hispanic American Music,Hispanic Music,Hispanic Music,Regional Music,,,,,,,,,,
Library Music,Library Music,Soundtrack,Soundtrack,Descriptor Genres,,,,,,,,,,
Liquid Drum and Bass,Liquid Drum and Bass,Drum and Bass,Drum and Bass,EDM,Dance,Electronic,,,,,,,,
Lounge,Lounge,Easy Listening,Easy Listening,,,,,,,,,,,
Mandopop,Mandopop,C-Pop,C-Pop,Pop,,,,,,,,,,
Melodic Death Metal,Melodic Death Metal,Death Metal,Death Metal,Metal,Rock,,,,,,,,,
Melodic Dubstep,Melodic Dubstep,Drum and Bass,EDM,Drum and Bass,Dance,Electronic,,,,,,,,
Memphis Rap,Memphis Rap,Hardcore Hip Hop,Hardcore Hip Hop,Hip Hop,,,,,,,,,,
Microhouse,Microhouse,House,EDM,House,Dance,Electronic,,,,,,,,
Microtonal,Microtonal,Modern Classical,Modern Classical,Classical,,,,,,,,,,
Minimal Drum and Bass,Minimal Drum and Bass,Drum and Bass,EDM,Drum and Bass,Dance,Electronic,,,,,,,,
Minimal Synth,Minimal Synth,Minimal Wave,Minimal Wave,Electronic,,,,,,,,,,
Minimal Techno,Minimal Techno,Techno,EDM,Techno,Dance,Electronic,,,,,,,,
Minimalism,Minimalism,Modern Classical,Modern Classical,Classical,,,,,,,,,,
Mod Revival,M0d Revival,Mod,Rock,Mod,Scenes & Movements,,,,,,,,,
Moombahcore,Moombahcore,Moombahton,Moombahton,EDM,Dance,Electronic,,,,,,,,
MPB,MPB,Brazilian Music,Brazilian Music,South American Music,Regional Music,,,,,,,,,
Native American Music,Native American Music,Traditional Folk,Traditional Folk,Folk,,,,,,,,,,
Neo-Soul,Neo-Soul,Soul,R&B,Soul,,,,,,,,,,
Neofolk,Neofolk,Contemporary Folk,Contemporary Folk,Folk,,,,,,,,,,
Neue Deutsche Welle,Neue Deutsche Welle,New Wave; Scenes & Movements,New Wave,Rock,Scenes & Movements,,,,,,,,,
New Jack Swing,New Jack Swing,Contemporary R&B,Contemporary R&B,R&B,,,,,,,,,,
Noise Pop,N0ise P0p,Indie Rock,Alternative Rock,Indie Rock,Rock,,,,,,,,,
North African Music,North African Music,African Music,African Music,Regional Music,,,,,,,,,,
Northeastern African Music,Northeastern African Music,African Music,African Music,Regional Music,,,,,,,,,,
Northern Soul,Northern Soul,Soul,R&B,Soul,,,,,,,,,,
Nu Metal,Nu Metal,Alternative Metal,Alternative Metal,Metal,Rock,,,,,,,,,
NWOBHM,NWOBHM,Heavy Metal; Scenes & Movements,Heavy Metal,Metal,Rock,Scenes & Movements,,,,,,,,
Onkyo,Onkyo,Reductionism; Scenes & Movements,Reductionism,Experimental,Scenes & Movements,,,,,,,,,
Orchestral,Orchestral,Western Classical,Western Classical,Classical,,,,,,,,,,
Outlaw Country,Outlaw Country,Progressive Country,Progressive Country,Country,Northern American Music,Regional Music,,,,,,,,
P-Funk,P-Funk,Funk,R&B,Funk,,,,,,,,,,
Pagan Black Metal,Pagan Black Metal,Black Metal,Black Metal,Metal,Rock,,,,,,,,,
Philly Soul,Philly Soul,Soul,R&B,Soul,,,,,,,,,,
Poetry,Poetry,Spoken Word,Spoken Word,Descriptor Genres,,,,,,,,,,
Pop Punk,P0p Punk,Punk Rock,Punk Rock,Punk,,,,,,,,,,
Post-Grunge,Post-Gr–nge,Alternative Rock,Alternative Rock,Rock,,,,,,,,,,
Post-Minimalism,Post-M–nimalism,Modern Classical,Modern Classical,Classical,,,,,,,,,,
Progressive Big Band,Progressive Big Band,Big Band,Jazz,Big Band,,,,,,,,,,
Progressive Folk,Progressive Folk,Contemporary Folk,Contemporary Folk,Folk,,,,,,,,,,
Progressive House,Progressive House,House,EDM,House,Dance,Electronic,,,,,,,,
Progressive Trance,Progressive Trance,Trance,EDM,Trance,Dance,Electronic,,,,,,,,
Psytrance,Psytrance,Trance,EDM,Trance,Dance,Electronic,,,,,,,,
Punk Blues,Punk Bl–es,Punk Rock,Punk Rock,Punk,,,,,,,,,,
Purple Sound,Purple Sound,Dubstep,Dubstep,EDM,Dance,Electronic,,,,,,,,
Rap Metal,Rap Metal,Alternative Metal,Alternative Metal,Metal,Rock,,,,,,,,,
Riot Grrrl,Riot Grrrl,Punk Rock; Scenes & Movements,Punk Rock,Punk,Scenes & Movements,,,,,,,,,
Rockabilly,Rockabilly,Rock & Roll,Rock & Roll,Rock,,,,,,,,,,
Romanticism,Romanticism,Western Classical,Western Classical,Classical,,,,,,,,,,
Samba,Samba,Brazilian Music,Brazilian Music,South American Music,Regional Music,,,,,,,,,
Sequencer & Tracker,Sequencer & Tracker,Bit Music,Bit Music,Electronic,,,,,,,,,,
Shoegaze,Shoegaze,Alternative Rock,Alternative Rock,Rock,,,,,,,,,,
Skiffle,Skiffle,Contemporary Folk,Contemporary Folk,Folk,,,,,,,,,,
Smooth Soul,Smooth Soul,Soul,R&B,Soul,,,,,,,,,,
Sonorism,Sonorism,Modern Classical,Modern Classical,Classical,,,,,,,,,,
Southern African Music,Southern African Music,African Music,African Music,Regional Music,,,,,,,,,,
Southern Soul,Southern Soul,Soul,R&B,Soul,,,,,,,,,,
Space Age Pop,Space Age P0p,Easy Listening,Easy Listening,,,,,,,,,,,
Spaghetti Western,Spaghetti Western,Modern Classical,Modern Classical,Classical,,,,,,,,,,
Spanish Music,Spanish Music,Hispanic Music; European Music,Hispanic Music,Regional Music,European Music,,,,,,,,,
Speed Garage,Speed Garage,UK Garage,UK Garage,EDM,Dance,Electronic,,,,,,,,
Spiritual Jazz,Spiritual Jazz,Avant-Garde Jazz,Avant-Garde Jazz,Jazz,,,,,,,,,,
Standards,Standards,Traditional Pop,Traditional Pop,Pop,,,,,,,,,,
Stoner Rock,Stoner Rock,Hard Rock,Hard Rock,Rock,,,,,,,,,,
Surf Rock,Surf Rock,Surf Music,Surf Music,Rock,,,,,,,,,,
Swamp Rock,Swamp Rock,Roots Rock,Roots Rock,Rock,,,,,,,,,,
Swing Revival,Sw–ng Revival,Swing,Jazz,Swing,,,,,,,,,,
Symphonic Black Metal,Symphonic Black Metal,Black Metal,Black Metal,Metal,Rock,,,,,,,,,
Symphonic Prog,Symphonic Prog,Progressive Rock,Progressive Rock,Rock,,,,,,,,,,
Synth Funk,Synth Funk,Funk,R&B,Funk,,,,,,,,,,
Tech Trance,Tech Trance,Trance,EDM,Trance,Dance,Electronic,,,,,,,,
Technical Death Metal,Technical Death Metal,Death Metal,Death Metal,Metal,Rock,,,,,,,,,
Techstep,Techstep,Drum and Bass,Drum and Bass,EDM,Dance,Electronic,,,,,,,,
Television Music,Television Music,Soundtrack,Soundtrack,Descriptor Genres,,,,,,,,,,
Throat Singing,Throat Singing,Traditional Folk,Traditional Folk,Folk,,,,,,,,,,
Traditional Doom Metal,Traditional Doom Metal,Doom Metal,Doom Metal,Metal,Rock,,,,,,,,,
Tribal House,Tribal House,House,EDM,House,Dance,Electronic,,,,,,,,
Trip Hop,Trip Hop,Downtempo,Downtempo,Electronic,,,,,,,,,,
Tropical House,Tropical House,House,EDM,House,Dance,Electronic,,,,,,,,
Trot,Trot,East Asian Music,East Asian Music,Asian Music,Regional Music,,,,,,,,,
Twee Pop,Twee Pop,Indie Pop; Pop Rock; Indie Rock,Indie Pop,Pop Rock,Indie Rock,Alternative Rock,Pop,,,,,,,
Twerk,Twerk,Trap [EDM],Trap [EDM],EDM,Dance,Electronic,,,,,,,,
UK Funky,UK F–nky,UK Garage,UK Garage,EDM,Dance,Electronic,,,,,,,,
UK Hard House,UK Hard House,House,EDM,House,Dance,Electronic,,,,,,,,
Uplifting Trance,Uplifting Trance,Trance,EDM,Trance,Dance,Electronic,,,,,,,,
Video Game Music,Video Game Music,Soundtrack,Soundtrack,Descriptor Genres,,,,,,,,,,
Vocal Trance,Vocal Trance,Trance,EDM,Trance,Dance,Electronic,,,,,,,,
West African Music,West African Music,African Music,African Music,Regional Music,,,,,,,,,,
Batucada,Batucada,Samba,Samba,Brazilian Music,South American Music,Regional Music,,,,,,,,
Beat Poetry,Beat Poetry,Poetry,Spoken Word,Poetry,Descriptor Genres,,,,,,,,,
Blackgaze,Blackgaze,Atmospheric Black Metal,Atmospheric Black Metal,Black Metal,Metal,Rock,,,,,,,,
Bolero,Bolero,Hispanic American Music,Hispanic American Music,Hispanic Music,Regional Music,,,,,,,,,
Celtic Folk Music,Celtic Folk Music,European Folk Music,European Folk Music,Traditional Folk,Folk,Regional Music,European Music,,,,,,,
Complextro,Complextro,Electro House,Electro House,EDM,House,Dance,Electronic,,,,,,,
Cuban Music,Cuban Music,Hispanic American Music; Caribbean Music,Hispanic American Music,Hispanic Music,Regional Music,Caribbean Music,,,,,,,,
Dancehall,Danc3hall,Jamaican Music; Reggae / Ska / Dancehall,Jamaican Music,Caribbean Music,Regional Music,Reggae / Ska / Dancehall,,,,,,,,
Dark Folk,Dark Folk,Neofolk,Neofolk,Contemporary Folk,Folk,,,,,,,,,
Dub Techno,Dub Techno,Minimal Techno,Minimal Techno,EDM,Techno,Dance,Electronic,,,,,,,
Dunedin Sound,Dunedin Sound,Indie Rock; Scenes & Movements,Indie Rock,Alternative Rock,Rock,Scenes & Movements,,,,,,,,
English Folk Music,English Folk Music,European Folk Music; British Music,European Folk Music,Traditional Folk,Folk,Regional Music,British Music,European Music,,,,,,
Fanfare,Fanfare,European Music,European Folk Music,Traditional Folk,Folk,Regional Music,European Music,,,,,,,
Film Score,Film Score,Film Soundtrack,Film Soundtrack,Soundtrack,Descriptor Genres,,,,,,,,,
French Folk Music,French Folk Music,European Folk Music,European Folk Music,Traditional Folk,Folk,Regional Music,European Music,,,,,,,
Future Bounce,Future Bounce,Future House,Future House,EDM,House,Dance,Electronic,,,,,,,
Ghettotech,Ghettotech,Ghetto House,Ghetto House,EDM,House,Dance,Electronic,,,,,,,
Gumbe,Gumbe,West African Music,West African Music,African Music,Regional Music,,,,,,,,,
Hands Up,Hands Up,Euro-Trance,Euro-Trance,EDM,Trance,Dance,Electronic,,,,,,,
Highlife,Highlife,West African Music,West African Music,African Music,Regional Music,,,,,,,,,
Inuit Music,Inuit Music,Native American Music,Native American Music,Traditional Folk,Folk,,,,,,,,,
Japanese Hardcore,Japanese Hardcore,Hardcore Punk,Punk Rock,Hardcore Punk,Punk,Rock,,,,,,,,
Juke,Juke,Ghetto House,Ghetto House,EDM,House,Dance,Electronic,,,,,,,
Kayōkyoku,Kayōkyoku,Japanese Music,Japanese Music,East Asian Music,Asian Music,Regional Music,,,,,,,,
Latin Alternative,Latin Alternative,Hispanic American Music,Hispanic American Music,Hispanic Music,Regional Music,,,,,,,,,
Slacker Rock,Slacker Rock,Indie Rock,Indie Rock,Alternative Rock,Rock,,,,,,,,,
Makossa,Makossa,Central African Music,Central African Music,African Music,Regional Music,,,,,,,,,
Mande Music,Mande Music,West African Music,West African Music,African Music,Regional Music,,,,,,,,,
Melbourne Bounce,Melbourne B0unce,Electro House,Electro House,EDM,House,Dance,Electronic,,,,,,,
Mexican Music,Mexican Music,Hispanic American Music,Hispanic American Music,Hispanic Music,Regional Music,,,,,,,,,
Noisecore,N0isecore,Hardcore [Punk],Hardcore Punk,Punk Rock,Rock,Punk,Hardcore [Punk],,,,,,,
Nu Style Gabber,Nu Style Gabber,Gabber,Hardcore [EDM],Gabber,EDM,Dance,Electronic,,,,,,,
Nyahbinghi,Nyahbinghi,Jamaican Music,Jamaican Music,Caribbean Music,Regional Music,,,,,,,,,
Outsider House,Outsider House,House,EDM,House,Dance,Electronic,,,,,,,,
Powerviolence,Powerviolence,Hardcore Punk,Hardcore Punk,Punk Rock,Rock,Punk,Hardcore [Punk],,,,,,,
Ragga Jungle,R@gga Jungle,Jungle,Drum and Bass,EDM,Jungle,Dance,Electronic,,,,,,,
Reggae,Reggae,Jamaican Music; Reggae / Ska / Dancehall,Jamaican Music,Caribbean Music,Regional Music,Reggae / Ska / Dancehall,,,,,,,,
Reggaetón,R3ggaetón,Hispanic American Music,Hispanic American Music,Hispanic Music,Regional Music,,,,,,,,,
Rocksteady,R0cksteady,Jamaican Music; Reggae / Ska / Dancehall,Jamaican Music,Caribbean Music,Regional Music,Reggae / Ska / Dancehall,,,,,,,,
Samba de roda,Samba de roda,Samba,Brazilian Music,Samba,South American Music,Regional Music,,,,,,,,
Samba-canção,Samba-canção,Samba,Brazilian Music,Samba,South American Music,Regional Music,,,,,,,,
Samba-Rock,Samba-R0ck,Samba,Brazilian Music,Samba,South American Music,Regional Music,,,,,,,,
Slowcore,Slowcore,Indie Rock,Indie Rock,Alternative Rock,Rock,,,,,,,,,
Symphony,Symphony,Orchestral,Orchestral,Western Classical,Classical,,,,,,,,,
Tizita,Tizita,Northeastern African Music,Northeastern African Music,African Music,Regional Music,,,,,,,,,
Tone Poem,Tone Poem,Orchestral,Orchestral,Western Classical,Classical,,,,,,,,,
Tropicália,Tropicália,MPB; Scenes & Movements,MPB,Brazilian Music,South American Music,Regional Music,Scenes & Movements,,,,,,,
Wolof Music,Wolof Music,West African Music,West African Music,African Music,Regional Music,,,,,,,,,
Yoruba Music,Yoruba Music,West African Music,West African Music,African Music,Regional Music,,,,,,,,,
Brass Band,Brass Band,Fanfare,Fanfare,European Folk Music,Traditional Folk,Folk,,,,,,,,
Breton Folk Music,Breton Folk Music,French Folk Music,French Folk Music,European Folk Music,Traditional Folk,Folk,Regional Music,European Music,,,,,,
Dub,D–b,Reggae,Jamaican Music,Caribbean Music,Reggae,Regional Music,Reggae / Ska / Dancehall,,,,,,,
Footwork,Footwork,House,EDM,House,Dance,Electronic,,,,,,,,
Irish Folk Music,Irish Folk Music,Celtic Folk Music,Celtic Folk Music,European Folk Music,Traditional Folk,Folk,Regional Music,European Music,,,,,,
Lovers Rock,Lovers R0ck,Reggae,Reggae,Jamaican Music,Caribbean Music,Regional Music,Reggae / Ska / Dancehall,,,,,,,
Neoperreo,Neoperreo,Reggaetón,Reggaetón,Hispanic American Music,Hispanic Music,Regional Music,,,,,,,,
Pop Reggae,P0p Reggae,Reggae,Jamaican Music,Caribbean Music,Reggae,Regional Music,Reggae / Ska / Dancehall,,,,,,,
Ragga,Ragga,Dancehall,Dancehall,Jamaican Music,Caribbean Music,Regional Music,Reggae / Ska / Dancehall,,,,,,,
Roots Reggae,Roots Reggae,Reggae,Jamaican Music,Caribbean Music,Reggae,Regional Music,Reggae / Ska / Dancehall,,,,,,,
Son Cubano,Son Cubano,Cuban Music,Cuban Music,Hispanic American Music,Hispanic Music,Regional Music,Caribbean Music,,,,,,,
Tassu,Tassu,Wolof Music,Wolof Music,West African Music,African Music,Regional Music,,,,,,,,
Trova,Trova,Cuban Music,Cuban Music,Hispanic American Music,Hispanic Music,Regional Music,Caribbean Music,,,,,,,
Acid Rock,Acid Rock,Psychedelic Rock,Psychedelic Rock,Psych,Rock,Rock,,,,,,,,
Afro-Funk,Afro-Funk,Funk; West African Music,R&B,Funk,West African Music,African Music,Regional Music,,,,,,,
Afro-Rock,Afro-Rock,Rock; West African Music,Rock,West African Music,African Music,Regional Music,,,,,,,,
Afrobeat,Afrobeat,Funk; Yoruba Music,Funk,R&B,Yoruba Music,West African Music,African Music,Regional Music,,,,,,
Alternative Dance,Alternative Dance,Alternative Rock; Dance,Alternative Rock,Dance,Rock,Rock,,,,,,,,
Amapiano,Amapiano,House; Southern African Music,House,EDM,Southern African Music,African Music,Regional Music,Dance,Electronic,,,,,
Ambient Dub,Ambient Dub,Electronic; Ambient,Electronic,Ambient,,,,,,,,,,
American Folk Music,American Folk Music,Traditional Folk,Traditional Folk,Folk,Regional Music,Folk,,,,,,,,
Andalusian Rock,Andalusian Rock,Progressive Rock; Folk Rock; Spanish Music,Progressive Rock,Folk Rock,Spanish Music,Hispanic Music,Rock,Regional Music,,,,,,
Appalachian Folk Music,Appalachian Folk Music,American Folk Music,American Folk Music,Traditional Folk,Folk,Regional Music,,,,,,,,
Avant-Prog,Avant-Prog,Experimental Rock; Progressive Rock,Experimental Rock,Progressive Rock,Rock,,,,,,,,,
Baltimore Club,Baltimore Club,Breakbeat; House,Breakbeat,House,EDM,Dance,Electronic,,,,,,,
Beat Music,Beat Music,Pop Rock,Pop Rock,Pop,Rock,,,,,,,,,
Big Room,Big Room,Progressive House; Electro House,Progressive House,Electro House,EDM,House,Dance,Electronic,,,,,,
Bitpop,Bitpop,Electronic; Pop,Electronic,Pop,,,,,,,,,,
Bolero son,Bolero son,Son Cubano; Bolero,Son Cubano,Cuban Music,Hispanic American Music,Hispanic Music,Regional Music,Caribbean Music,Bolero,,,,,
Boogie,Boogie,Disco; R&B,Disco,R&B,Dance,,,,,,,,,
Breakbeat Hardcore,Breakbeat Hardcore,Breakbeat; Hardcore [EDM],Breakbeat,Hardcore [EDM],EDM,Dance,Electronic,,,,,,,
British Dance Band,British Danc3 Band,Jazz; Traditional Pop; British Music,Jazz,Traditional Pop,Pop,British Music,European Music,Regional Music,,,,,,
British Rhythm & Blues,British Rhythm & Bl–es,Rock; Rhythm & Blues,R&B,Rock,Rhythm & Blues,,,,,,,,,
Britpop,Britpop,Pop Rock; Alternative Rock; Scenes & Movements,Pop Rock,Alternative Rock,Pop,Rock,Pop,Scenes & Movements,,,,,,
Brutal Prog,Brutal Prog,Experimental Rock; Progressive Rock,Experimental Rock,Progressive Rock,Rock,,,,,,,,,
Bubblegum Dance,Bubblegum Dance,Eurodance,Eurodance,EDM,Dance-Pop,Pop,Dance,Electronic,,,,,,
C86,C86,Indie Pop; Indie Rock,Indie Pop,Indie Rock,Alternative Rock,Pop,Rock,Pop,,,,,,
Caribbean Folk Music,Caribbean Folk Music,Caribbean Music; Traditional Folk,Caribbean Music,Traditional Folk,Folk,Regional Music,Folk,,,,,,,
Chanson à texte,Chanson à texte,Chanson; Singer-Songwriter,Singer-Songwriter,Chanson,Regional Music,European Music,,,,,,,,
Christmas Music,Christmas Music,Holiday Music,Holiday Music,Descriptor Genres,,,,,,,,,,
Comedy Rap,Comedy Rap,Musical Comedy; Hip Hop,Musical Comedy,Hip Hop,Comedy,,,,,,,,,
Country Blues,C0untry Blues,American Folk Music; Acoustic Blues,American Folk Music,Traditional Folk,Acoustic Blues,Blues,Folk,Regional Music,,,,,,
Country Pop,Country Pop,Country; Pop,Country,Pop,Northern American Music,Regional Music,,,,,,,,
Bro-Country,Bro-Country,Country Pop,Country Pop,Country,Pop,Northern American Music,Regional Music,,,,,,,
Country Rap,Country Rap,Hip Hop,Hip Hop,,,,,,,,,,,
Cowpunk,Cowpunk,Punk Rock; Country Rock,Punk Rock,Country Rock,Punk,Rock,,,,,,,,
Dabke,Dabke,Arabic Music; West Asian Music,Arabic Music,West Asian Music,Asian Music,Regional Music,,,,,,,,
Afrobeats,Afr0beats,Dance-Pop,Dance-Pop,Pop,,,,,,,,,,
Dance-Punk,Danc3-Punk,Post-Punk,Post-Punk,Punk,,,,,,,,,,
Dark Ambient,Dark Ambient,Post-Industrial; Ambient,Post-Industrial,Ambient,Industrial & Noise,,,,,,,,,
Darkside Hardcore,Darkside Hardcore,Breakbeat Hardcore,Breakbeat Hardcore,Breakbeat,Hardcore [EDM],EDM,Dance,Electronic,,,,,,
Deconstructed Club,Deconstructed Club,EDM; Post-Industrial,EDM,Post-Industrial,Industrial & Noise,Dance,Electronic,,,,,,,
Delta Blues,Delta Blues,Country Blues,Country Blues,American Folk Music,Traditional Folk,Acoustic Blues,Blues,Regional Music,,,,,,
Digital Dancehall,Digital Danc3hall,Reggae; Dancehall,Reggae,Jamaican Music,Caribbean Music,Dancehall,Regional Music,Reggae / Ska / Dancehall,,,,,,
Digital Hardcore,Digital Hardcore,Punk; Hardcore [EDM],Punk,Hardcore [EDM],EDM,Dance,Electronic,,,,,,,
Drill,Dr–ll,Trap,Trap,Hip Hop,,,,,,,,,,
Bop,B0p,Pop Rap; Drill; Gangsta Rap,Pop Rap,Drill,Gangsta Rap,Hardcore Hip Hop,Trap,Hip Hop,,,,,,
Drumstep,Drumstep,Drum and Bass; Brostep,Drum and Bass,Brostep,Dubstep,EDM,Dance,Electronic,,,,,,
EBM,EBM,EDM; Post-Industrial,EDM,Post-Industrial,Industrial & Noise,Dance,Electronic,,,,,,,
Electro Swing,Electro Swing,Nu Jazz; EDM,Nu Jazz,EDM,Electronic,Dance,Electronic,,,,,,,
Electro-Disco,Electro-Disco,EDM; Disco,EDM,Dance,Disco,Electronic,,,,,,,,
Electro-Industrial,Electro-Industrial,Post-Industrial; Electronic,Post-Industrial,Electronic,Industrial & Noise,,,,,,,,,
Electroacoustic,Electroacoustic,Electronic; Experimental,Electronic,Experimental,,,,,,,,,,
Electropop,Electropop,Electronic; Pop,Electronic,Pop,,,,,,,,,,
Emocore,Emocore,Post-Hardcore; Emo,Post-Hardcore,Punk,Hardcore [Punk],Rock,Emo,,,,,,,
Entechna,Entechna,Greek Music; Balkan Music,Balkan Music,Regional Music,European Music,Greek Music,,,,,,,,
Experimental Big Band,Exp–rimental Big Band,Avant-Garde Jazz; Big Band,Avant-Garde Jazz,Big Band,Jazz,,,,,,,,,
Flamenco Pop,Fl–menco Pop,Pop; Spanish Music,Spanish Music,Hispanic Music,Regional Music,European Music,Pop,,,,,,,
Folk Pop,Folk Pop,Contemporary Folk; Pop,Contemporary Folk,Folk,Pop,,,,,,,,,
Freak Folk,Freak Folk,Psychedelic Folk,Psychedelic Folk,Contemporary Folk,Folk,Psych,,,,,,,,
Freakbeat,Freakbeat,Beat Music; Garage Rock,Beat Music,Pop Rock,Garage Rock,Pop,Rock,,,,,,,
Free Folk,Free Folk,Psychedelic Folk,Psychedelic Folk,Contemporary Folk,Folk,Psych,,,,,,,,
Freestyle,Freestyle,EDM; Dance-Pop,EDM,Dance-Pop,Pop,Dance,Electronic,,,,,,,
Futurepop,Futurepop,Synthpop; EBM,Synthpop,EBM,EDM,Post-Industrial,Electronic,Industrial & Noise,Pop,Dance,Electronic,,,
Garage Punk,Garage Punk,Garage Rock; Punk Rock,Garage Rock,Punk Rock,Punk,Rock,,,,,,,,
Glitch,Gl–tch,Electronic; Experimental,Electronic,Experimental,,,,,,,,,,
Glitch Pop,Glitch Pop,Pop; Indietronica,Electronic,Pop,Indietronica,,,,,,,,,
Gospel,Gospel,Top-level,Top-level,,,,,,,,,,,
Gothic Rock,Gothic Rock,Post-Punk; Rock,Post-Punk,Rock,Punk,,,,,,,,,
Halloween Music,Halloween Music,Holiday Music,Holiday Music,Descriptor Genres,,,,,,,,,,
Hardcore Breaks,Hardcore Breaks,Breakbeat Hardcore,Breakbeat Hardcore,Breakbeat,Hardcore [EDM],EDM,Dance,Electronic,,,,,,
Heavy Psych,Heavy Psych,Hard Rock; Psychedelic Rock,Hard Rock,Psychedelic Rock,Psych,Rock,,,,,,,,
Hi-NRG,Hi-NRG,Electro-Disco,Electro-Disco,EDM,Dance,Disco,Electronic,,,,,,,
Hiplife,Hiplife,Highlife; Hip Hop,Highlife,West African Music,Hip Hop,African Music,Regional Music,,,,,,,
Hyperpop,Hyperpop,Electronic; Pop,Electronic,Pop,,,,,,,,,,
Indeterminacy,Indeterminacy,Experimental; Modern Classical,Experimental,Modern Classical,Classical,,,,,,,,,
Indian Pop,Indian Pop,South Asian Music; Pop,South Asian Music,Pop,Asian Music,Regional Music,,,,,,,,
Industrial,Ind–strial,Industrial & Noise; Experimental,Industrial & Noise,Experimental,,,,,,,,,,
Industrial Metal,Industrial Metal,Post-Industrial; Metal,Post-Industrial,Metal,Industrial & Noise,Rock,,,,,,,,
Industrial Rock,Industrial Rock,Post-Industrial; Rock,Post-Industrial,Industrial & Noise,Rock,,,,,,,,,
Industrial Techno,Industrial Techno,Post-Industrial; Techno,Post-Industrial,EDM,Techno,Industrial & Noise,Dance,Electronic,,,,,,
Italo Dance,Italo Dance,Eurodance,Eurodance,EDM,Dance-Pop,Pop,Dance,Electronic,,,,,,
Italo-Disco,Italo-Disco,Electro-Disco,Electro-Disco,EDM,Dance,Disco,Dance,Electronic,,,,,,
Eurobeat,Eurobeat,Italo-Disco,Italo-Disco,Electro-Disco,EDM,Dance,Disco,Electronic,,,,,,
Jamaican Ska,Jamaican Ska,Jamaican Music; Ska,Jamaican Music,Caribbean Music,Ska,Regional Music,Reggae / Ska / Dancehall,,,,,,,
Jangle Pop,Jangle Pop,Pop Rock; Alternative Rock,Pop Rock,Alternative Rock,Pop,Rock,,,,,,,,
Jazz Poetry,Jazz Poetry,Poetry; Jazz,Spoken Word,Poetry,Jazz,Descriptor Genres,,,,,,,,
Jazz-Funk,Jazz-Funk,Funk; Jazz,R&B,Funk,Jazz,,,,,,,,,
Junkanoo,Junkanoo,Caribbean Folk Music,Caribbean Folk Music,Caribbean Music,Traditional Folk,Folk,Regional Music,,,,,,,
Krautrock,Krautrock,Progressive Rock; Experimental Rock,Progressive Rock,Experimental Rock,Rock,,,,,,,,,
Kwaito,Kwaito,House; Southern African Music,House,EDM,Southern African Music,African Music,Regional Music,Dance,Electronic,,,,,
Latin Disco,Latin Disco,Disco; Hispanic American Music,Dance,Hispanic American Music,Hispanic Music,Regional Music,Disco,,,,,,,
Latin Electronic,Latin Electronic,Electronic; Hispanic American Music,Hispanic American Music,Hispanic Music,Regional Music,Electronic,,,,,,,,
Latin Funk,Latin Funk,Funk; Hispanic American Music,R&B,Hispanic American Music,Hispanic Music,Regional Music,Funk,,,,,,,
Latin Jazz,Latin Jazz,Jazz; Hispanic American Music,Hispanic American Music,Hispanic Music,Regional Music,Jazz,,,,,,,,
Afro-Cuban Jazz,Afro-Cuban Jazz,Latin Jazz,Latin Jazz,Hispanic American Music,Hispanic Music,Jazz,Regional Music,,,,,,,
Latin Pop,Latin Pop,Pop; Hispanic American Music,Hispanic American Music,Hispanic Music,Regional Music,Pop,,,,,,,,
Latin Rock,Latin Rock,Rock; Hispanic American Music,Hispanic American Music,Hispanic Music,Regional Music,Rock,,,,,,,,
Merseybeat,Merseybeat,Beat Music; Scenes & Movements,Beat Music,Pop Rock,Pop,Rock,Scenes & Movements,,,,,,,
Metalcore,Metalcore,Metal; Hardcore [Punk],Hardcore Punk,Punk Rock,Rock,Punk,Hardcore [Punk],Metal,Rock,,,,,
Mathcore,Mathcore,Metalcore,Metalcore,Hardcore Punk,Punk Rock,Rock,Punk,Hardcore [Punk],Metal,Rock,,,,
Hispanic American Folk Music,Hispanic American Folk Music,Traditional Folk; Hispanic American Music,Traditional Folk,Folk,Regional Music,Hispanic American Music,Hispanic Music,,,,,,,
Mexican Folk Music,Mexican Folk Music,Mexican Music; Hispanic American Music,Traditional Folk,Folk,Regional Music,Mexican Music,Hispanic American Music,Hispanic Music,Hispanic American Folk Music,,,,,
Micromontage,Micromontage,Sound Collage; Electronic,Sound Collage,Experimental,Electronic,,,,,,,,,
Midwest Emo,Midwest Emo,Indie Rock; Emo,Indie Rock,Alternative Rock,Punk,Emo,Rock,,,,,,,
Motown Sound,Motown Sound,Pop Soul; Pop,Pop Soul,R&B,Soul,Pop,,,,,,,,
Murga,Murga,Hispanic Music; Musical Theatre,Hispanic Music,Musical Theatre,Regional Music,Regional Music,,,,,,,,
Musique concrète,Musique concrète,Electroacoustic,Electroacoustic,Electronic,Experimental,,,,,,,,,
Nashville Sound,Nashville Sound,Country Pop,Country Pop,Country,Pop,Northern American Music,Regional Music,,,,,,,
Nederbeat,Nederbeat,Beat Music; Scenes & Movements,Beat Music,Pop Rock,Pop,Rock,Scenes & Movements,,,,,,,
New Romantic,New Romantic,New Wave; Pop; Scenes & Movements,New Wave,Rock,Pop,Scenes & Movements,,,,,,,,
No Wave,No Wave,Post-Punk; Experimental Rock; Scenes & Movements,Post-Punk,Experimental Rock,Punk,Scenes & Movements,,,,,,,,
Nu-Disco,Nu-Disco,EDM; Disco,EDM,Dance,Disco,Electronic,,,,,,,,
Future Funk,Future F–nk,Vapor; House; Dance,Vapor,House,EDM,Electronic,Dance,Electronic,,,,,,
Nueva canción,Nueva canción,Singer-Songwriter; Hispanic Music,Contemporary Folk,Folk,Singer-Songwriter,Hispanic Music,Regional Music,,,,,,,
Nueva canción española,Nueva canción española,Nueva canción; Spanish Music,Contemporary Folk,Folk,Singer-Songwriter,Spanish Music,Hispanic Music,Regional Music,European Music,Nueva canción,,,,
Nueva canción latinoamericana,Nueva canción latinoam–ricana,Nueva canción; Hispanic American Music,Contemporary Folk,Folk,Singer-Songwriter,Hispanic American Music,Hispanic Music,Regional Music,Nueva canción,,,,,
Nueva trova,Nueva trova,Trova; Nueva canción latinoamericana,Nueva canción latinoamericana,Contemporary Folk,Folk,Singer-Songwriter,Hispanic American Music,Hispanic Music,Regional Music,Nueva canción,Trova,Cuban Music,Caribbean Music,
Piano Rock,Piano Rock,Pop Rock,Pop Rock,Pop,Rock,,,,,,,,,
Piedmont Blues,Pi3dmont Blues,Country Blues,Country Blues,American Folk Music,Traditional Folk,Acoustic Blues,Blues,Regional Music,,,,,,
Pop Raï,Pop Raï,Arabic Music; North African Music; Pop,Arabic Music,North African Music,African Music,Pop,Regional Music,,,,,,,
Post-Punk Revival,Post-Punk Revival,Indie Rock; Post-Punk,Indie Rock,Alternative Rock,Post-Punk,Punk,Rock,,,,,,,
Power Electronics,Power Electronics,Industrial,Industrial,Industrial & Noise,Experimental,,,,,,,,,
Death Industrial,Death Ind–strial,Power Electronics,Power Electronics,Industrial,Industrial & Noise,Experimental,Experimental,,,,,,,
Power Pop,Power Pop,Pop Rock,Pop Rock,Pop,Rock,,,,,,,,,
Progressive Breaks,Progressive Breaks,Progressive House; Breakbeat,Progressive House,Breakbeat,EDM,House,Dance,Electronic,,,,,,
Psychedelic Pop,Psychedelic Pop,Pop; Psych,Pop,Psych,,,,,,,,,,
Psychedelic Soul,Psychedelic Soul,Psych; Soul,R&B,Psych,Soul,,,,,,,,,
Psychobilly,Psychobilly,Rockabilly; Punk Rock,Rockabilly,Rock & Roll,Punk Rock,Punk,Rock,,,,,,,
Folk Punk,F0lk Punk,Punk Rock,Punk Rock,Punk,,,,,,,,,,
Celtic Punk,Celtic Punk,Folk Punk; Punk Rock,Folk Punk,Punk Rock,Rock,Punk,,,,,,,,
Gypsy Punk,Gypsy Punk,Folk Punk,Folk Punk,Punk Rock,Punk,,,,,,,,,
Horror Punk,Horror Punk,Punk Rock,Punk Rock,Punk,,,,,,,,,,
Ragtime,Ragtime,American Folk Music,American Folk Music,Traditional Folk,Folk,Regional Music,,,,,,,,
Rock Opera,Rock 0pera,Rock; Descriptor Genres,Rock,Descriptor Genres,,,,,,,,,,
Romanian Popcorn,Romanian Popcorn,EDM; Dance-Pop,EDM,Dance-Pop,Pop,Dance,Electronic,,,,,,,
Samba Soul,Samba Soul,Samba; Soul,R&B,Brazilian Music,Samba,Soul,South American Music,Regional Music,,,,,,
Screamo,Screamo,Post-Hardcore; Emo,Emo,Punk,Post-Hardcore,Hardcore [Punk],Rock,,,,,,,
Emoviolence,Emoviolence,Screamo,Powerviolence,Hardcore Punk,Punk Rock,Rock,Punk,Hardcore [Punk],Screamo,Emo,Post-Hardcore,,,
Singeli,Singeli,EDM; East African Music,EDM,East African Music,African Music,Regional Music,Dance,Electronic,,,,,,
Ska Punk,Ska Punk,Third Wave Ska; Punk Rock,Third Wave Ska,Punk Rock,Punk,Ska,Reggae / Ska / Dancehall,,,,,,,
Soft Rock,Soft Rock,Pop Rock,Pop Rock,Pop,Rock,Pop,,,,,,,,
South Asian Classical Music,South Asian Classical Music,South Asian Music; Classical,South Asian Music,Classical,Asian Music,Regional Music,,,,,,,,
Hindustani Classical Music,Hindustani Classical Music,South Asian Classical Music,South Asian Classical Music,South Asian Music,Classical,Asian Music,Regional Music,,,,,,,
Southeast Asian Folk Music,Southeast Asian Folk Music,Traditional Folk; Southeast Asian Music,Traditional Folk,Southeast Asian Music,Folk,Asian Music,Regional Music,,,,,,,
Space Disco,Space Disco,Electro-Disco,Electro-Disco,EDM,Dance,Disco,Electronic,,,,,,,
Space Rock,Space Rock,Psychedelic Rock,Psychedelic Rock,Psych,Rock,,,,,,,,,
Spanish Folk Music,Spanish Folk Music,European Folk Music; Spanish Music,Traditional Folk,Folk,Regional Music,European Folk Music,European Music,Spanish Music,Hispanic Music,,,,,
Spirituals,Spirituals,American Folk Music,American Folk Music,Traditional Folk,Folk,Regional Music,,,,,,,,
Surf Punk,Surf Punk,Punk Rock; Surf Music,Punk Rock,Surf Music,Rock,Punk,,,,,,,,
Synth Punk,Synth Punk,Electronic; Punk,Electronic,Punk,,,,,,,,,,
Tech House,Tech House,House,EDM,House,Dance,Electronic,,,,,,,,
Traditional Black Gospel,Traditional Black Gospel,American Folk Music; Gospel,American Folk Music,Traditional Folk,Gospel,Folk,Northern American Music,Regional Music,,,,,,
Traditional Country,Traditional Country,American Folk Music; Country,American Folk Music,Traditional Folk,Folk,Country,Northern American Music,Regional Music,,,,,,
Country Boogie,Country B00gie,Traditional Country,Traditional Country,American Folk Music,Traditional Folk,Folk,Country,Northern American Music,Regional Music,,,,,
Country Gospel,Country Gospel,Traditional Country; Gospel,Traditional Country,American Folk Music,Traditional Folk,Gospel,Folk,Country,Northern American Music,Regional Music,,,,
Close Harmony,Close Harmony,Traditional Country,Traditional Country,American Folk Music,Traditional Folk,Folk,Country,Northern American Music,Regional Music,,,,,
Cowboy,Cowboy,Traditional Country,Traditional Country,American Folk Music,Traditional Folk,Folk,Country,Regional Music,,,,,,
Acoustic Texas Blues,Acoustic Texas Blues,Country Blues,Country Blues,American Folk Music,Traditional Folk,Acoustic Blues,Folk,Blues,Regional Music,,,,,
Molam,Molam,Southeast Asian Folk Music,Traditional Folk,Southeast Asian Folk Music,Southeast Asian Music,Folk,Asian Music,Regional Music,,,,,,
Trap Metal,Trap M3tal,Trap; Hardcore Hip Hop,Trap,Hardcore Hip Hop,Hip Hop,,,,,,,,,
UK Drill,UK Dr–ll,Gangsta Rap; Drill,Gangsta Rap,Hardcore Hip Hop,Trap,Drill,Hip Hop,,,,,,,
Flamenco,Flamenco,Spanish Music,Traditional Folk,Folk,Regional Music,Spanish Folk Music,European Folk Music,Spanish Music,Hispanic Music,European Music,,,,
Flamenco nuevo,Flamenco nuevo,Flamenco,Traditional Folk,Folk,Regional Music,Spanish Folk Music,European Folk Music,Spanish Music,Hispanic Music,European Music,Flamenco,,,
Vocal Surf,Vocal Surf,Pop Rock; Surf Music,Pop Rock,Surf Music,Pop,Rock,,,,,,,,
Yacht Rock,Yacht Rock,Soft Rock,Soft Rock,Pop Rock,Pop,Rock,,,,,,,,
Work Songs,Work Songs,Traditional Folk,Traditional Folk,Folk,Regional Music,,,,,,,,,
Boogie Woogie,B00gie Woogie,Northern American Music,Northern American Music,Regional Music,,,,,,,,,,
Armenian Music,Armenian Music,West Asian Music,West Asian Music,Asian Music,Regional Music,,,,,,,,,
Skate Punk,Sk–te Punk,Punk Rock,Punk Rock,Rock,Punk,,,,,,,,,
Countrypolitan,Countrypolitan,Nashville Sound,Nashville Sound,Country Pop,Country,Pop,Northern American Music,Regional Music,,,,,,
Idol kayō,Idol kayō,Kayōkyoku,Kayōkyoku,Japanese Music,East Asian Music,Asian Music,Regional Music,,,,,,,
Chipmunk Soul,Chipmunk S0ul,Hip Hop,Hip Hop,,,,,,,,,,,
Latin Soul,Latin Soul,Soul; Hispanic American Music,Soul,R&B,Hispanic American Music,Hispanic Music,Regional Music,,,,,,,
Plugg,Plugg,Trap,Trap,Hip Hop,,,,,,,,,,
PluggnB,PluggnB,Plugg,Plugg,Trap,Hip Hop,,,,,,,,,
Festival Progressive House,Festival Pr0gressive House,House,House,EDM,Dance,Electronic,,,,,,,,
Utopian Virtual,Utopian Virtual,Vapor,Vapor,Electronic,,,,,,,,,,
Britfunk,Britfunk,Funk,Funk,R&B,,,,,,,,,,
Epic Music,Epic Music,Cinematic Classical,Cinematic Classical,Classical,,,,,,,,,,
Brazilian Bass,Brazilian Bass,House,House,EDM,Dance,Electronic,,,,,,,,
Slap House,Slap House,Brazilian Bass,Brazilian Bass,House,EDM,Dance,Electronic,,,,,,,
Flamenco Jazz,Flamenco Jazz,Jazz; Flamenco nuevo,Jazz,Flamenco nuevo,Traditional Folk,Folk,Regional Music,Spanish Folk Music,European Folk Music,European Music,Spanish Music,Hispanic Music,Flamenco,
Power Noise,Power Noise,Noise; Post-Industrial,Noise,Experimental,Post-Industrial,Industrial & Noise,,,,,,,,
Medieval Classical Music,Medieval Classical Music,Western Classical; European Music,Western Classical,Classical,European Music,Regional Music,,,,,,,,
Christian Liturgical Music,Christian Liturgical Music,Regional Music,Regional Music,,,,,,,,,,,
Plainsong,Plainsong,Medieval Classical Music; Christian Liturgical Music,Medieval Classical Music,Western Classical,Classical,European Music,Regional Music,Christian Liturgical Music,,,,,,
Gregorian Chant,Gregorian Chant,Plainsong,Plainsong,Medieval Classical Music,Western Classical,Classical,European Music,Regional Music,Christian Liturgical Music,,,,,
Latin House,Latin House,House,House,EDM,Dance,Electronic,,,,,,,,
Truck Driving Country,Truck Driving Country,Honky Tonk,Honky Tonk,Country,Northern American Music,Regional Music,,,,,,,,
Bakersfield Sound,Bakersfield Sound,Honky Tonk,Honky Tonk,Country,Northern American Music,Regional Music,,,,,,,,
Afro-Jazz,Afro-Jazz,Jazz; African Music,Jazz,African Music,Regional Music,,,,,,,,,
New Rave,New Rave,Alternative Dance; Indie Rock,Alternative Dance,Alternative Rock,Rock,Dance,Indie Rock,,,,,,,
J-Rock,J-Rock,Alternative Rock,Alternative Rock,Rock,,,,,,,,,,
Happy Hardcore,Happy Hardcore,Hardcore [EDM],Hardcore [EDM],EDM,Dance,Electronic,,,,,,,,
Hard Dance,Hard Dance,EDM,EDM,Dance,Electronic,,,,,,,,,
UK Hardcore,UK Hardcore,Happy Hardcore; Hard Dance,Happy Hardcore,Hardcore [EDM],EDM,Hard Dance,Dance,Electronic,,,,,,
Brazilian Classical Music,Brazilian Classical Music,Brazilian Music; Western Classical,Brazilian Music,South American Music,Regional Music,Western Classical,Classical,,,,,,,
Flashcore,Flashcore,Electronic,Electronic,,,,,,,,,,,
Tropical Rock,Tropical Rock,Soft Rock,Soft Rock,Pop Rock,Pop,Rock,,,,,,,,
Classical Crossover,Cl–ssical Crossover,Pop,Pop,,,,,,,,,,,
Drumless,Drumless,Hip Hop,Hip Hop,,,,,,,,,,,
Glam Metal,Glam M3tal,Hard Rock,Hard Rock,Rock,,,,,,,,,,
Classical March,Classical March,Western Classical,Western Classical,Classical,,,,,,,,,,
Modern Creative,Modern Creative,Experimental,Experimental,,,,,,,,,,,
Chopped and Screwed,Chopped and Screwed,Hip Hop,Hip Hop,,,,,,,,,,,
New Music,New Music,Pop,Pop,,,,,,,,,,,
Salsa,Salsa,Hispanic American Music,Hispanic American Music,Hispanic Music,Regional Music,,,,,,,,,
Salsa dura,Salsa dura,Salsa,Salsa,Hispanic American Music,Hispanic Music,Regional Music,,,,,,,,
Descarga,Descarga,Cuban Music,Cuban Music,Hispanic American Music,Hispanic Music,Regional Music,Caribbean Music,,,,,,,
Zolo,Zolo,Rock,Rock,,,,,,,,,,,
Marabi,Marabi,Southern African Music; Jazz,Southern African Music,African Music,Regional Music,Jazz,,,,,,,,
Louisiana Music,Louisiana Music,Northern American Music,Northern American Music,Regional Music,,,,,,,,,,
Mbaqanga,Mbaqanga,Marabi,Marabi,Southern African Music,African Music,Regional Music,Jazz,,,,,,,
Zydeco,Zydeco,Louisiana Music,Louisiana Music,Northern American Music,Regional Music,,,,,,,,,
Korean Ballad,Korean Ballad,Pop,Pop,,,,,,,,,,,
Rage,R@ge,Trap,Trap,Hip Hop,,,,,,,,,,
Witch House,Witch H0use,Electronic,Electronic,,,,,,,,,,,
Tread,Tread,Trap,Trap,Hip Hop,,,,,,,,,,
Vanguarda paulista,Vanguarda paulista,Brazilian Music; Scenes & Movements,Brazilian Music,South American Music,Regional Music,Scenes & Movements,,,,,,,,
Bluegrass,Bluegrass,Country,Country,Northern American Music,Regional Music,,,,,,,,,
Hip Hop Soul,Hip H0p S0ul,Contemporary R&B,Contemporary R&B,R&B,,,,,,,,,,
Soukous,Soukous,Central African Music,Central African Music,African Music,Regional Music,,,,,,,,,
Fon Music,Fon Music,West African Music,West African Music,African Music,Regional Music,,,,,,,,,
Spanish Classical Music,Spanish Classical Music,Western Classical; Spanish Music,Spanish Music,Hispanic Music,Regional Music,European Music,Western Classical,Classical,,,,,,
Horror Synth,Horror Synth,Electronic,Electronic,,,,,,,,,,,
Big Music,Big Music,Pop Rock,Pop Rock,Pop,Rock,,,,,,,,,
Deep Tech,Deep Tech,Tech House,Tech House,House,EDM,Dance,Electronic,,,,,,,
Spy Music,Spy Music,Jazz; Cinematic Classical,Jazz,Cinematic Classical,Classical,,,,,,,,,
Post-Britpop,Post-Britp0p,Alternative Rock; Pop Rock,Alternative Rock,Rock,Pop Rock,Pop,,,,,,,,
French Electro,French Electro,Electro House,Electro House,EDM,House,Dance,Electronic,,,,,,,
Ballroom,Ballroom,House,House,EDM,Dance,Electronic,,,,,,,,
Diva House,Diva House,House,House,EDM,Dance,Electronic,,,,,,,,
Ambient Americana,Ambient Am–ricana,Ambient; Northern American Music,Ambient,Northern American Music,Regional Music,,,,,,,,,
Math Pop,Math P0p,Indie Rock; Math Rock,Indie Rock,Alternative Rock,Rock,Math Rock,,,,,,,,
Akishibu-kei,Akishibu-kei,Shibuya-kei; J-Pop,Shibuya-kei,Pop,J-Pop,Scenes & Movements,,,,,,,,
Lo-Fi House,Lo-Fi House,Outsider House,Outsider House,EDM,House,Dance,Electronic,,,,,,,
Funk brasileiro,F–nk brasileiro,Brazilian Music,Brazilian Music,South American Music,Regional Music,,,,,,,,,
Funk mandelão,F–nk mandelão,Funk brasileiro,Brazilian Music,South American Music,Regional Music,Funk brasileiro,,,,,,,,
Melodic Black Metal,Melodic Black Metal,Black Metal,Black Metal,Metal,Rock,,,,,,,,,
Easycore,Easycore,Pop Punk; Hardcore [Punk],Pop Punk,Punk Rock,Rock,Punk,Hardcore [Punk],,,,,,,
Grebo,Grebo,Alternative Dance,Alternative Dance,Alternative Rock,Rock,Dance,,,,,,,,
Deathcore,Deathcore,Metalcore,Metalcore,Hardcore Punk,Punk Rock,Rock,Punk,Hardcore [Punk],Metal,Rock,,,,
Hybrid Trap,Hybrid Trap,Trap [EDM],Trap [EDM],EDM,Dance,Electronic,,,,,,,,
Yakousei,Yakousei,J-Rock,J-Rock,Alternative Rock,Rock,,,,,,,,,
Breakstep,Breakstep,UK Garage,UK Garage,EDM,Dance,Electronic,,,,,,,,
Dembow,Dembow,Hispanic American Music; Caribbean Music,Hispanic American Music,Hispanic Music,Regional Music,Caribbean Music,,,,,,,,
Merengue,Merengue,Hispanic American Music; Caribbean Music,Hispanic American Music,Hispanic Music,Regional Music,Caribbean Music,,,,,,,,
Mambo urbano,Mambo urbano,Merengue,Merengue,Hispanic American Music,Hispanic Music,Regional Music,Caribbean Music,,,,,,,
Opera,Opera,Western Classical,Western Classical,Classical,,,,,,,,,,
Trancecore,Tr–ncecore,Hardcore [Punk],Hardcore [Punk],Punk,Rock,,,,,,,,,
Neo-Acoustic,Neo-Acoustic,Indie Pop; Jangle Pop,Indie Pop,Pop,Jangle Pop,Pop Rock,Rock,Alternative Rock,,,,,,
Ballet,Ballet,Western Classical,Western Classical,Classical,,,,,,,,,,
Totalism,Totalism,Post-Minimalism,Post-Minimalism,Modern Classical,Classical,,,,,,,,,
Hardbag,Hardbag,Diva House; Euro House,Diva House,House,EDM,Euro House,Dance,Electronic,,,,,,
Rumba flamenca,Rumba flamenca,Flamenco,Flamenco,Traditional Folk,Folk,Regional Music,Spanish Folk Music,European Folk Music,Spanish Music,Hispanic Music,European Music,,,
Rock andaluz,Rock andaluz,Rock; Spanish Music,Rock,Spanish Music,Hispanic Music,Regional Music,European Music,,,,,,,
Music Hall,Music Hall,Musical Theatre; British Music,Musical Theatre,British Music,European Music,Regional Music,,,,,,,,
Nouvelle chanson française,Nouvelle chanson française,Chanson,Chanson,Regional Music,European Music,,,,,,,,,
White Voice,White Voice,European Folk Music,European Folk Music,Traditional Folk,Folk,Regional Music,European Music,,,,,,,
Occitan Folk Music,Occitan Folk Music,French Folk Music,French Folk Music,European Folk Music,Traditional Folk,Folk,Regional Music,European Music,,,,,,
Auvergnat Folk Music,Auvergnat Folk Music,Occitan Folk Music,Occitan Folk Music,French Folk Music,European Folk Music,Traditional Folk,Folk,Regional Music,European Music,,,,,
Dreampunk,Dreamp–nk,Vapor,Vapor,Electronic,,,,,,,,,,
Slushwave,Slushwave,Vaporwave,Vaporwave,Electronic,Vapor,,,,,,,,,
Queercore,Queercore,Punk Rock; Scenes & Movements,Rock,Punk,Scenes & Movements,,,,,,,,,
Indie Surf,Indie Surf,Indie Rock; Surf Music,Indie Rock,Alternative Rock,Rock,Surf Music,,,,,,,,
Go-Go,Go-Go,Funk,Funk,R&B,,,,,,,,,,
Samba-jazz,S@mba-jazz,Jazz; Brazilian Music,Jazz,Brazilian Music,South American Music,Regional Music,,,,,,,,
Funk proibidão,F–nk proibidão,Funk brasileiro,Funk brasileiro,Brazilian Music,South American Music,Regional Music,,,,,,,,
Cyber Metal,Cyber Metal,Industrial Metal,Industrial Metal,Post-Industrial,Industrial & Noise,Rock,,,,,,,,
Western,Western,Country,Country,Northern American Music,Regional Music,,,,,,,,,
Old-Time,Old-Time,Appalachian Folk Music,Appalachian Folk Music,American Folk Music,Traditional Folk,Folk,Regional Music,,,,,,,
Swancore,Swancore,Post-Hardcore,Post-Hardcore,Punk,Hardcore [Punk],Rock,,,,,,,,
Epic Doom Metal,Epic Doom Metal,Traditional Doom Metal,Traditional Doom Metal,Doom Metal,Metal,Rock,,,,,,,,
US Power Metal,US P0wer Metal,Heavy Metal,Heavy Metal,Metal,Rock,,,,,,,,,
Technical Thrash Metal,Technical Thrash Metal,Thrash Metal,Thrash Metal,Metal,Rock,,,,,,,,,
Crossover Thrash,Crossover Thrash,Thrash Metal; Hardcore Punk,Thrash Metal,Metal,Rock,Hardcore Punk,Punk Rock,Punk,Hardcore [Punk],,,,,
Space Rock Revival,Space Rock Revival,Neo-Psychedelia; Space Rock,Neo-Psychedelia,Psych,Space Rock,Psychedelic Rock,Rock,,,,,,,
Mutant Disco,Mutant Disco,Disco,Disco,Dance,,,,,,,,,,
Songhai Music,Songhai Music,West African Music,West African Music,African Music,Regional Music,,,,,,,,,
Speedcore,Speedcore,Hardcore [EDM],Hardcore [EDM],EDM,Dance,Electronic,,,,,,,,
J-core,J-core,Hardcore [EDM],Hardcore [EDM],EDM,Dance,Electronic,,,,,,,,
Mid-School Hip Hop,Mid-School Hip Hop,Hardcore Hip Hop,Hardcore Hip Hop,Hip Hop,,,,,,,,,,
Denpa,Denpa,Pop,Pop,,,,,,,,,,,
MIDI Music,MIDI Music,Bit Music,Bit Music,Electronic,,,,,,,,,,
Extratone,Extratone,Speedcore,Speedcore,Hardcore [EDM],EDM,Dance,Electronic,,,,,,,
Trap Soul,Trap S0ul,Trap; Contemporary R&B,Trap,Hip Hop,Contemporary R&B,R&B,,,,,,,,
Chilean Music,Chilean Music,South American Music,South American Music,Regional Music,,,,,,,,,,
Nueva canción chilena,Nueva canción chilena,Nueva canción latinoamericana; Chilean Music,Nueva canción latinoamericana,Contemporary Folk,Folk,Singer-Songwriter,Hispanic American Music,Hispanic Music,Regional Music,Nueva canción,Chilean Music,South American Music,,
Urban Cowboy,Urban C0wboy,Country Pop,Country Pop,Country,Northern American Music,Regional Music,Pop,,,,,,,
Canadian Folk Music,Canadian Folk Music,Traditional Folk; Northern American Music,Traditional Folk,Folk,Regional Music,Northern American Music,,,,,,,,
Canadian Maritime Folk,Canadian Maritime Folk,Canadian Folk Music,Canadian Folk Music,Traditional Folk,Folk,Regional Music,Northern American Music,,,,,,,
Moogsploitation,Moogsploitation,Electronic,Electronic,,,,,,,,,,,
Chillout,Chillout,Electronic,Electronic,,,,,,,,,,,
Midtempo Bass,Midtempo Bass,EDM,EDM,Dance,Electronic,,,,,,,,,
Melodic Hardcore,Melodic Hardcore,Hardcore Punk,Hardcore Punk,Punk Rock,Rock,Punk,Hardcore [Punk],,,,,,,
Denpa,Denpa,Pop,Pop,,,,,,,,,,,
MIDI Music,MIDI Music,Bit Music,Bit Music,Electronic,,,,,,,,,,
Red Dirt,Red Dirt,Country; Americana; Scenes & Movements,Country,Americana,Northern American Music,Regional Music,Scenes & Movements,,,,,,,
Beatboxing,Beatboxing,Top-level,Top-level,,,,,,,,,,,
Industrial Hardcore,Industrial Hardcore,Post-Industrial; Hardcore [EDM],Post-Industrial,Hardcore [EDM],Industrial & Noise,Dance,Electronic,,,,,,,
Afroswing,Afroswing,Hip Hop,Hip Hop,,,,,,,,,,,
Progressive Bluegrass,Progressive Bluegrass,Bluegrass,Bluegrass,Country,Northern American Music,Regional Music,,,,,,,,
Chachachá,Chachachá,Cuban Music,Cuban Music,Hispanic American Music,Hispanic Music,Regional Music,Caribbean Music,,,,,,,
Stomp and Holler,Stomp and Holler,Indie Folk; Folk Pop,Indie Folk,Folk Pop,Contemporary Folk,,,,,,,,,
Trance Metal,Tr@nce Metal,Metal,Metal,Rock,,,,,,,,,,
Kawaii Metal,Kawaii Metal,Metal; Scenes & Movements,Metal,Rock,Scenes & Movements,,,,,,,,,
Tracker Music,Tracker Music,Sequencer & Tracker,Sequencer & Tracker,Bit Music,Electronic,,,,,,,,,
Doskpop,Doskpop,Tracker Music; Spacesynth,Sequencer & Tracker,Bit Music,Spacesynth,EDM,Dance,Electronic,,,,,,
Yodeling,Yodeling,Traditional Folk,Traditional Folk,Regional Music,,,,,,,,,,
Country Yodeling,Country Yodeling,Traditional Country; Yodeling,Traditional Country,American Folk Music,Traditional Folk,Northern American Music,Regional Music,,,,,,,
Melodic Black Metal,Melodic Black Metal,Black Metal,Black Metal,Rock,,,,,,,,,,
Mariachi,Mariachi,Mexican Music,Mexican Music,Hispanic American Music,Hispanic Music,Regional Music,,,,,,,,
Canción melódica,Canción melódica,Pop; Hispanic Music,Pop,Hispanic Music,Regional Music,,,,,,,,,
Neurofunk,Neurof–nk,Drum and Bass,Drum and Bass,EDM,Dance,Electronic,,,,,,,,
Cumbia,Cumbia,Hispanic American Music,Hispanic American Music,Hispanic Music,Regional Music,,,,,,,,,
Cumbia colombiana,Cumbia colombiana,Cumbia; South American Music; Caribbean Music,Hispanic American Music,Hispanic Music,South American Music,Caribbean Music,Regional Music,,,,,,,
Amazigh Music,Amazigh Music,North African Music,North African Music,Regional Music,,,,,,,,,,
Tuareg Music,Tuareg Music,Amazigh Music,Amazigh Music,North African Music,Regional Music,,,,,,,,,
Tishoumaren,Tishoumaren,Tuareg Music,Tuareg Music,Amazigh Music,North African Music,Regional Music,,,,,,,,
YTPMV,YTPMV,Top-level,Top-level,,,,,,,,,,,
Jump Blues,Jump Blues,Blues,Blues,,,,,,,,,,,
Briddim,Briddim,Brostep,Brostep,Dubstep,EDM,Dance,Electronic,,,,,,,
Tearout [Brostep],Tearout [Brostep],Brostep,Brostep,Dubstep,EDM,Dance,Electronic,,,,,,,
Rock Musical,Rock Musical,Rock; Musical Theatre,Rock,Musical Theatre,,,,,,,,,,
Neo-Traditionalist Country,Neo-Traditionalist Country,Contemporary Country,Contemporary Country,Northern American Music,Regional Music,,,,,,,,,
Ratchet Music,Ratchet Music,Hip Hop,Hip Hop,,,,,,,,,,,
Geek Rock,Geek Rock,Alternative Rock,Alternative Rock,,,,,,,,,,,
Rioplatense Music,Rioplatense Music,South American Music; Hispanic American Music,South American Music,Hispanic American Music,Regional Music,Hispanic Music,,,,,,,,
Tango,Tango,Rioplatense Music,Rioplatense Music,South American Music,Hispanic American Music,Regional Music,Hispanic Music,,,,,,,
Tango nuevo,Tango nuevo,Tango,Tango,Rioplatense Music,South American Music,Hispanic American Music,Regional Music,Hispanic Music,,,,,,
Djent,Djent,Progressive Metal,Progressive Metal,Rock,,,,,,,,,,
G-House,G-House,House,House,EDM,Dance,Electronic,,,,,,,,
Choral,Choral,Western Classical; Descriptor Genres,Western Classical,Classical,Descriptor Genres,,,,,,,,,
Electronicore,Electr0nicore,Hardcore [Punk],Hardcore [Punk],Punk,Rock,,,,,,,,,
Tearout,Tearout,Dubstep,Dubstep,EDM,Dance,Electronic,,,,,,,,
Dissonant Death Metal,Dissonant Death Metal,Technical Death Metal,Technical Death Metal,Death Metal,Metal,Rock,,,,,,,,
Sufi Music,Sufi Music,Regional Music,Regional Music,,,,,,,,,,,
Qawwali,Qawwali,Sufi Music; Hindustani Classical Music,Sufi Music,Hindustani Classical Music,South Asian Classical Music,South Asian Music,Regional Music,,,,,,,
Indo Jazz,Indo Jazz,Jazz; South Asian Music,Jazz,South Asian Music,Asian Music,Regional Music,,,,,,,,
Ghazal,Ghazal,Asian Music,Asian Music,Regional Music,,,,,,,,,,
Digicore,Digicore,Hip Hop,Hip Hop,,,,,,,,,,,
Frat Rock,Frat Rock,Garage Rock,Garage Rock,Rock,,,,,,,,,,
Melodic House,Melodic House,House,House,EDM,Dance,Electronic,,,,,,,,
Barber Beats,Barber Beats,Vapor; Chillout,Vapor,Chillout,Electronic,,,,,,,,,
Progressive Soul,Progressive Soul,Soul,Soul,R&B,,,,,,,,,,
Birmingham Sound,Birmingham Sound,Industrial Techno,Industrial Techno,Post-Industrial,Techno,EDM,Industrial & Noise,Dance,Electronic,,,,,
Reggae Rock,R3ggae Rock,Rock,Rock,,,,,,,,,,,
East Coast Club,East Coast Club,EDM,EDM,Dance,Electronic,,,,,,,,,
Jersey Club,Jersey Club,East Coast Club,East Coast Club,EDM,Dance,Electronic,,,,,,,,
Indigenous American Music,Indigenous American Music,Regional Music,Regional Music,,,,,,,,,,,
Indigenous North American Music,Indigenous North American Music,Northern American Music,Indigenous American Music,Northern American Music,Regional Music,,,,,,,,,
Orchestral Music,Orchestral Music,Western Classical; Descriptor Genres,Western Classical,Descriptor Genres,,,,,,,,,,
Afropiano,Afropiano,Afrobeats; Amapiano,Afrobeats,Amapiano,Dance-Pop,Pop,House,EDM,Dance,Southern African Music,African Music,Regional Music,Electronic,
Jerk Rap,Jerk Rap,Hyphy,Hyphy,Hip Hop,,,,,,,,,,
Jerk,J3rk,Hip Hop,Hip Hop,,,,,,,,,,,
Funeral Doom Metal,Funeral Doom Metal,Doom Metal,Doom Metal,Metal,Rock,,,,,,,,,
Chicago Drill,Chicago Drill,Drill,Drill,Trap,Hip Hop,,,,,,,,,
Paisley Underground,Paisley Underground,Neo-Psychedelia; Jangle Pop,Neo-Psychedelia,Jangle Pop,Pop Rock,Alternative Rock,,,,,,,,
Boogie Rock,B00gie Rock,Blues Rock,Blues Rock,Rock,,,,,,,,,,
Nintendocore,Nintendocore,Hardcore [Punk],Hardcore [Punk],Punk,Rock,,,,,,,,,
Lo-Fi Hip Hop,Lo-Fi Hip Hop,Hip Hop,Hip Hop,,,,,,,,,,,
Grindcore,Grindcore,Metal; Hardcore [Punk],Metal,Hardcore [Punk],Punk,Rock,,,,,,,,
Noisegrind,Noisegrind,Grindcore,Grindcore,Metal,Hardcore [Punk],Punk,Rock,,,,,,,
Crust Punk,Crust Punk,Hardcore Punk,Hardcore Punk,Punk Rock,Hardcore [Punk],Punk,Rock,,,,,,,
Cocktail Nation,Cocktail Nation,Easy Listening; Scenes & Movements,Easy Listening,Scenes & Movements,,,,,,,,,,
Acid Breaks,Acid Breaks,Breakbeat,Breakbeat,EDM,Dance,Electronic,,,,,,,,
Melodic Techno,Melodic Techno,Techno,Techno,EDM,Dance,Electronic,,,,,,,,
Shimokita-kei,Shimokita-kei,Alternative Rock; Scenes & Movements,Alternative Rock,Rock,Scenes & Movements,,,,,,,,,
Sass,Sass,Hardcore [Punk],Hardcore [Punk],Punk,Rock,,,,,,,,,
Doomgaze,Doomgaze,Post-Metal,Post-Metal,Metal,Rock,,,,,,,,,
Gothic Metal,Gothic Metal,Metal,Metal,Rock,,,,,,,,,,
Deathrock,Deathrock,Punk Rock; Gothic Rock,Punk Rock,Gothic Rock,Post-Punk,Punk,Rock,,,,,,,
Hardgroove Techno,Hardgroove Techno,Techno,Techno,EDM,Dance,Electronic,,,,,,,,
Hymns,Hymns,Descriptor Genres,Descriptor Genres,,,,,,,,,,,
Digital Cumbia,Digital Cumbia,Latin Electronic; EDM; Cumbia,Latin Electronic,EDM,Cumbia,Hispanic American Music,Hispanic Music,Regional Music,Dance,Electronic,,,,
Skacore,Skacore,Ska Punk; Hardcore Punk,Ska Punk,Hardcore Punk,Third Wave Ska,Ska,Punk Rock,Reggae / Ska / Dancehall,Hardcore [Punk],Punk,Rock,,,
Pigfuck,Pigfuck,Noise Rock; Punk,Noise Rock,Rock,Punk,,,,,,,,,
Pop Screamo,P0p Scr3amo,Emo; Post-Hardcore,Emo,Post-Hardcore,Punk,Hardcore [Punk],Rock,,,,,,,
Doujin Music,Doujin Music,Scenes & Movements,Scenes & Movements,,,,,,,,,,,
Palm Desert Scene,Palm Desert Scene,Scenes & Movements; Rock,Scenes & Movements,Rock,,,,,,,,,,
Straight Edge,Straight Edge,Hardcore [Punk]; Scenes & Movements,Hardcore [Punk],Scenes & Movements,Punk,Rock,,,,,,,,
Scam Rap,Scam Rap,Gangsta Rap,Gangsta Rap,Hardcore Hip Hop,,,,,,,,,,
Japanese Idol,Japanese Idol,Scenes & Movements,Scenes & Movements,,,,,,,,,,,
Chicago School,Chicago School,Post-Rock; Scenes & Movements,Post-Rock,Rock,Scenes & Movements,,,,,,,,,
Greenwich Village Scene,Greenwich Village Scene,Contemporary Folk; Scenes & Movements,Contemporary Folk,Folk,Scenes & Movements,,,,,,,,,
Louisville Sound,Louisville Sound,Scenes & Movements,Scenes & Movements,,,,,,,,,,,
NOLA Sludge,NOLA Sludge,Sludge Metal; Scenes & Movements,Sludge Metal,Metal,Scenes & Movements,Rock,,,,,,,,
New Weird America,New Weird America,Scenes & Movements,Scenes & Movements,,,,,,,,,,,
Dolewave,Dolewave,Indie Rock; Jangle Pop; Scenes & Movements,Indie Rock,Jangle Pop,Alternative Rock,Pop Rock,Pop,Rock,Scenes & Movements,,,,,
Burning Spirits,Burning Spirits,Japanese Hardcore,Japanese Hardcore,Punk Rock,Hardcore Punk,Punk,Rock,,,,,,,
Arabic Pop,Arabic Pop,Arabic Music; Pop,Arabic Music,Regional Music,Pop,,,,,,,,,
Lullabies,Lullabies,Descriptor Genres,Descriptor Genres,,,,,,,,,,,
Windmill Scene,Windmill Scene,Scenes & Movements,Scenes & Movements,,,,,,,,,,,
Hoboken Sound,Hoboken Sound,Scenes & Movements,Scenes & Movements,,,,,,,,,,,
Hauntology,Hauntology,Scenes & Movements,Scenes & Movements,,,,,,,,,,,
Digital Fusion,Digital Fusion,Electronic,Electronic,,,,,,,,,,,
16-bit,16-bit,Sequencer & Tracker,Sequencer & Tracker,Bit Music,Electronic,,,,,,,,,
Southeastern Brazilian Music,Southeastern Brazilian Music,Brazilian Music,Brazilian Music,South American Music,Regional Music,,,,,,,,,
Clube da esquina,Clube da esquina,MPB; Southeastern Brazilian Music; Scenes & Movements,MPB,Southeastern Brazilian Music,Brazilian Music,South American Music,Regional Music,Scenes & Movements,,,,,,
Mall Screamo,Mall Scream0,Emo; Post-Hardcore; Alternative Rock,Emo,Punk,Post-Hardcore,Hardcore [Punk],Rock,Alternative Rock,,,,,,