ID,ID Explanation (for the ones that aren't immediately evident from the song or artist name)
,
,
231,-
,
,
316,-
85,-
,
,
888,-
1009,-
,
1998,-
,
915,-
,
663,-
7777,-
,
,
,
,
,
,
,
,
83,-
,
,
,
,
,
,
,
,
,
,
,
,
5555,-
,
,
,
1893,-
,
,
,
,
,
702,-
,
,
,
,
,
5066,-
75,-
,
,
,
,
,
,
5875,-
,
,
,
,
569,-
,
,
,
,
,
,
711,-
,
,
1979,-
,
,
,
,
,
,
2414,-
,
,
,
,
,
,
,
,
,
,
,
,
,
,
2047,-
2008,-
,
,
,
,
,
,
,
,
,
,
,
,
1200,-
,
,
,
,
747,-
,
2020,-
,
,
1808,-
,
,
,
,
2412,-
,
,
,
,
,
,
,
,
,
,
,
,
,
,
,
,
,
,
,
,
,
,
,
,
,
,
,
212,-
,
,
,
,
61,-
,
,
,
,
,
,
921,-
,
,
,
,
,
,
,
,
,
,
,
,
,
,
,
1225,-
,
,
,
,
,
,
,
,
,
,
,
,
,
,
,
,
,
,
,
,
,
,
,
44,-
,
,
,
,
7475,-
,
,
,
,
,
,
,
,
,
,
,
,
,
,
,
,
,
,
,
,
,
,
,
,
,
305,-
,
,
,
,
,
,
,
,
,
,
,
,
71,-
,
,
1965,-
,
13,-
,
,
,
,
,
,
,
,
,
,
,
,
,
,
,
,
,
,
,
,
,
,
,
,
,
,
1945,-
,
,
,
,
,
,
,
4030,-
,
,
,
,
123,-
,
,
,
,
,
,
,
,
,
1904,-
,
,
,
,
111,-
,
,
,
1066,-
,
,
,
,
,
,
,
,
,
,
11,-
,
,
,
,
,
,
,
,
,
,
,
,
,
,
,
,
,
,
,
,
,
,
,
,
,
,
,
,
,
,
,
,
,
,
,
,
,
,
,
,
,
,
407,-
,
,
,
,
,
,
,
7796,-
,
,
6741,-
,
,
,
,
,
,
,
,
,
,
,
,
,
,
1992,-
,
,
2512,-
,
,
,
,
,
,
,
,
,
,
,
,
,
,
,
,
,
,
,
,
,
,
,
,
,
,
,
,
,
,
29,-
,
,
,
,
,
,
,
,
,
,
,
,
,
,
,
,
,
,
,
,
,
,
,
,
,
,
,
,
,
,
,
,
52,-
,
,
,
,
,
,
1222,-
,
,
,
,
,
143,-
,
3030,-
,
,
,
,
,
53,-
,
,
,
,
,
90,-
,
,
,
,
,
,
5830,-
,
,
,
,
,
,
,
,
,
,
,
,
6744,-
919,-
,
,
3003,-
,
,
,
,
,
,
,
,
,
,
,
,
,
,
,
,
,
3645,-
,
,
,
,
,
,
,
,
,
,
,
,
,
,
,
,
,
,
,
,
,
,
,
,
,
,
,
,
,
,
,
,
,
,
,
,
,
,
214,-
,
,
,
,
,
,
,
,
80,-
,
,
,
,
,
,
,
,
,
,
,
,
,
,
,
,
,
,
,
,
,
,
,
,
,
,
,
,
,
,
,
9901,-
,
,
,
,
1312,-
,
,
,
,
,
,
,
,
,
,
,
,
,
,
,
,
,
,
,
,
,
,
,
,
,
6667,-
,
,
,
,
,
10005,-
,
,
525,-
,
,
,
,
,
,
,
,
,
,
,
,
3666,-
,
,
,
,
,
,
,
,
,
,
,
,
,
,
,
,
,
,
,
,
,
,
,
,
,
,
,
,
,
,
,
69,-
,
,
,
,
,
,
,
,
,
,
,
,
,
,
,
,
707,-
,
,
,
,
,
,
,
,
,
877,-
1250,-
,
,
,
555,-
,
,
,
,
,
,
,
,
,
,
410,-
,
,
,
,
,
,
,
,
,
,
,
,
,
,
,
,
,
300,-
,
,
,
605,-
,
,
,
,
,
,
,
,
,
200,-
,
,
,
,
,
,
,
,
255,-
,
,
,
,
,
,
314,-
,
,
,
,
,
2009,-
1002,-
10002,-
217,-
1975,-
,
,
,
,
2479,-
221,-
,
,
,
50,-
5505,-
,
,
,
,
,
1201,-
,
,
,
,
,
,
,
,
,
,
,
,
,
,
,
,
,
,
,
,
,
,
,
,
,
,
,
,
,
,
,
,
,
,
,
,
,
,
,
,
1,-
,
,
,
,
,
,
,
,
,
,
,
,
,
,
205,-
,
,
,
,
,
,
,
,
,
,
,
,
,
4,-
,
,
,
14,-
,
,
,
,
,
,
399,-
,
,
,
,
,
,
,
,
,
,
,
,
,
,
,
,
,
,
,
,
,
,
,
,
,
,
,
,
,
,
9,-
,
,
,
,
,
,
,
,
,
,
,
,
,
,
,
,
,
,
,
,
108,-
,
,
,
,
,
,
,
,
,
,
,
,
,
5887,-
,
,
,
,
,
,
,
,
,
321,-
,
,
,
,
,
,
,
,
,
,
,
,
,
,
,
,
,
,
,
,
,
,
,
,
,
,
,
,
,
,
,
,
,
,
,
,
,
,
,
,
,
,
,
,
,
,
,
,
,
,
,
182,-
,
,
,
,
,
,
,
,
,
,
,
,
,
,
,
,
,
,
,
4824,-
,
3142,-
,
,
,
,
,
,
3002,-
677,-
,
,
,
,
,
,
,
,
,
,
,
,
,
,
,
,
,
,
,
,
,
,
,
24,-
,
,
,
7770,-
,
,
,
,
,
,
,
,
,
,
,
,
,
,
,
,
,
,
,
,
,
,
,
,
,
692,-
,
,
,
,
,
,
,
,
,
,
,
,
,
,
,
,
,
,
,
,
,
,
,
,
,
,
,
,
,
,
,
,
,
,
,
,
,
,
,
,
,
,
54,-
,
,
,
,
,
500,-
,
,
,
,
,
,
,
,
,
,
,
,
,
,
,
,
,
,
,
,
,
,
,
,
,
,
,
,
,
,
,
,
,
,
,
3345,-
79,-
1663,-
,
,
,
,
,
369,-
,
,
,
,
593,-
,
,
,
2490,-
,
,
37,-
,
,
,
6668,-
,
,
,
,
,
,
1050,-
,
,
,
,
5365,-
,
,
,
,
,
,
,
,
,
,
78,-
,
,
,
,
979,-
,
1337,-
,
,
,
,
,
,
,
,
,
,
,
,
,
,
,
,
,
,
,
,
,
,
,
7771,-
,
,
,
,
,
,
,
,
,
,
2359,-
,
,
,
,
,
,
,
,
420,-
9001,-
,
,
,
,
,
,
,
,
,
,
,
,
,
,
,
,
70,-
,
,
,
,
,
,
,
,
,
,
,
,
,
,
,
,
,
,
1287,-
,
,
,
,
,
,
252,-
,
,
,
,
,
,
,
,
,
,
,
2000,-
,
,
,
63,-
,
,
,
,
,
,
,
,
,
,
,
,
,
,
,
,
,
,
,
,
1738,-
511,-
,
,
,
,
,
,
,
,
,
,
,
,
,
,
,
,
,
,
,
,
,
,
,
,
,
,
,
,
,
,
,
,
,
,
,
,
,
,
,
,
,
,
,
41,-
,
6500,-
,
,
,
,
,
,
,
,
42,-
,
,
,
,
,
1111,-
,
,
1859,-
,
,
,
,
,
,
,
,
,
,
,
,
,
,
,
,
,
,
,
,
,
,
,
,
180,-
,
,
,
,
,
,
,
1191,-
,
,
,
,
,
,
,
,
,
,
,
,
,
,
,
,
,
,
604,-
,
479,-
,
,
,
,
,
,
,
,
,
,
,
1942,-
,
,
,
,
,
,
,
,
,
,
,
,
,
,
,
258,-
,
,
,
666,-
,
,
,
,
,
,
,
,
,
,
,
,
,
,
,
,
,
7773,-
,
400,-
,
,
,
,
,
,
299,-
718,-
,
,
,
,
,
,
,
,
,
,
,
,
,
,
,
,
,
,
,
,
,
,
,
,
433,-
1919,-
,
,
,
,
,
,
,
,
,
,
,
,
,
,
,
,
2018,-
,
,
869,-
,
,
,
,
,
,
,
,
1539,-
,
,
,
,
,
,
,
,
,
,
,
,
,
,
,
,
,
696,-
,
,
,
,
,
,
,
,
,
,
,
,
,
,
,
,
,
,
,
,
,
,
,
,
,
,
,
1980,-
,
,
,
,
,
,
,
,
,
,
2015,-
,
,
,
,
,
,
,
,
,
,
,
,
,
,
,
,
,
315,-
,
64,-
,
,
,
,
,
,
,
,
,
,
,
,
,
,
,
,
,
,
,
,
,
,
,
,
,
,
,
,
,
,
,
,
,
,
,
,
,
,
,
,
,
,
2269,-
,
,
,
,
,
,
,
,
,
,
,
,
,
,
,
,
,
,
,
,
,
,
,
,
67,-
,
,
,
,
,
,
,
,
,
,
1712,-
,
,
,
,
6969,-
,
,
,
,
603,-
697,-
,
,
,
,
,
,
,
,
,
,
1650,-
,
,
,
,
,
,
,
,
,
1083,-
,
,
,
,
,
,
,
,
,
,
2997,-
,
,
,
,
,
,
,
,
,
,
310,-
,
,
,
,
,
,
,
,
,
,
,
,
,
,
,
,
,
,
,
,
,
,
6669,-
,
,
,
,
,
,
,
,
,
,
,
,
,
,
,
,
,
,
,
,
,
,
,
,
,
,
,
,
,
,
,
,
,
,
,
,
,
,
,
,
,
,
,
7409,-
,
,
,
,
,
,
546,-
,
,
,
,
,
,
,
,
,
,
729,-
,
,
,
,
,
,
,
,
,
,
,
1087,-
,
,
,
,
,
,
,
,
,
,
,
,
,
,
,
,
,
,
,
,
,
,
,
,
7772,-
,
,
,
,
,
,
,
,
,
,
,
,
,
,
,
,
,
,
,
,
,
,
,
,
,
,
640,-
,
,
,
,
,
,
,
,
,
,
8645,-
,
,
,
,
,
,
,
,
,
,
,
,
,
,
,
,
,
,
,
,
,
,
,
,
,
,
,
,
,
,
,
,
,
,
,
,
,
,
3180,-
,
,
,
,
,
192,-
7444,-
,
,
,
,
,
1901,-
,
,
,
,
,
,
,
,
,
,
,
,
,
,
9000,-
,
,
,
,
,
,
,
,
,
,
,
,
,
,
2537,-
,
,
,
,
,
,
,
,
,
,
,
2012,-
,
,
,
,
,
,
,
225,-
,
,
,
,
,
,
,
,
,
,
,
,
,
,
,
,
,
,
,
,
,
8088,-
,
,
,
,
,
,
,
,
,
,
505,-
,
,
,
,
,
,
,
,
,
,
,
,
,
,
,
,
,
,
,
,
,
,
,
,
,
,
,
,
,
,
,
,
2505,-
,
,
,
,
,
,
,
,
,
,
,
,
,
,
,
,
757,-
,
,
,
,
,
,
,
,
,
,
,
,
,
,
,
,
,
,
,
,
,
,
,
,
,
,
,
,
,
,
,
,
,
,
,
,
,
,
,
,
,
,
,
,
,
,
7779,-
,
,
,
,
6,-
,
,
,
,
,
,
,
,
,
,
,
,
678,-
93,-
,
,
,
,
,
,
,
,
,
,
,
19,-
,
,
,
,
,
,
9460,-
,
,
,
,
,
1970,-
,
,
,
,
,
,
,
704,-
,
,
,
,
,
,
,
,
,
,
,
,
,
,
,
,
,
,
,
,
,
,
,
,
,
,
,
,
,
,
,
,
,
,
,
,
,
,
,
77,-
,
,
,
,
7778,-
,
,
,
,
,
,
,
,
,
,
,
,
,
,
,
,
,
,
,
,
,
,
,
,
,
,
,
,
,
,
,
,
,
,
,
,
,
,
,
,
,
,
,
,
1989,-
,
,
813,-
,
,
,
,
,
,
,
,
,
,
,
,
,
,
,
,
,
,
,
,
,
,
,
,
,
,
,
209,-
,
,
,
,
55,-
1255,-
,
,
,
,
,
1123,-
,
,
,
,
,
,
,
,
210,-
,
,
,
,
,
,
,
66,-
,
,
,
,
,
,
,
1183,-
1972,-
,
,
,
,
,
,
,
,
,
,
,
,
,
,
,
1609,-
,
,
,
,
,
,
,
,
,
,
,
,
,
,
,
,
,
,
,
,
,
,
,
,
,
,
,
,
,
,
,
,
,
,
,
,
836,-
,
,
,
7,-
,
,
,
,
,
1001,-
,
,
,
,
,
,
,
,
,
,
,
,
,
,
,
,
,
,
,
,
,
,
,
,
,
,
,
,
,
,
,
,
1000,-
,
,
,
,
,
,
1633,-
,
,
,
,
,
,
,
,
,
3083,-
,
,
,
425,-
,
,
,
,
,
,
,
,
,
,
,
,
10000,-
,
,
,
,
,
,
,
,
,
,
,
,
,
,
,
,
,
,
,
,
,
,
,
,
,
,
,
,
,
,
440,-
,
,
,
,
,
,
,
,
,
,
,
,
,
,
,
,
,
,
,
1106,-
,
905,-
,
,
,
,
,
,
,
,
,
,
,
,
8144,-
599,-
,
,
,
,
,
,
,
,
,
,
,
,
,
,
,
,
,
,
,
,
,
,
,
,
,
,
,
,
,
,
,
,
,
,
,
,
,
,
,
,
,
,
,
,
,
,
,
,
,
,
,
,
,
,
,
,
,
,
,
,
,
,
,
,
,
,
,
,
,
,
,
,
,
,
,
,
,
,
,
,
,
,
,
,
,
,
3333,-
,
,
,
,
,
,
,
,
,
23,-
,
,
,
,
2,-
,
,
,
,
,
,
,
,
,
,
,
,
110,-
,
,
,
,
,
,
,
,
,
,
,
,
,
,
,
,
,
,
,
,
,
,
,
,
,
,
,
777,-
,
,
,
,
,
,
,
,
,
,
,
,
,
,
,
,
,
,
,
,
,
418,-
,
,
,
,
,
,
,
,
,
,
,
,
,
,
,
,
,
,
,
,
,
,
1600,-
,
,
,
,
,
,
,
,
,
,
,
,
,
,
,
,
,
,
,
,
,
,
,
,
,
,
,
,
,
,
,
,
,
,
,
,
,
,
,
,
,
,
,
,
,
,
,
,
,
,
,
,
,
,
,
,
,
,
,
,
,
,
,
,
,
40,-
,
,
,
,
,
,
,
,
,
,
,
,
,
172,-
,
,
,
,
,
,
,
,
,
,
,
,
,
1031,-
,
,
,
,
,
,
2001,-
,
,
,
,
,
8938,-
,
,
,
,
,
,
,
,
,
,
,
,
,
,
,
,
,
,
,
,
,
,
120,-
,
,
,
,
,
,
,
,
,
,
,
,
,
,
,
,
,
,
,
,
,
,
,
,
,
,
,
,
,
,
,
,
2718,-
,
,
,
,
,
,
,
,
,
,
,
,
245,-
,
,
,
7774,-
,
,
,
,
,
,
,
,
,
,
,
,
,
,
,
,
,
,
,
,
,
,
,
,
,
,
,
,
,
,
,
,
,
,
,
,
,
,
,
,
,
,
,
,
,
,
,
,
,
,
,
1963,-
,
,
,
,
,
,
,
,
,
,
,
,
,
,
,
,
,
,
,
,
,
,
,
,
,
,
,
,
,
,
,
,
,
,
,
,
,
1962,-
,
,
,
,
,
,
,
,
,
,
,
,
,
,
1431,-
,
,
,
,
,
,
,
,
,
,
,
,
,
,
,
,
,
,
,
1800,-
,
,
,
,
,
,
,
,
43,-
,
,
,
,
,
,
,
,
,
,
,
,
,
,
,
,
,
,
,
,
,
,
,
,
,
,
,
,
,
,
,
,
,
,
,
,
,
,
,
1944,-
,
,
,
,
,
,
,
,
151,-
,
,
,
4564,-
,
,
,
,
,
,
,
,
,
,
,
,
,
,
,
,
,
,
,
,
,
,
,
,
,
,
,
,
,
,
,
,
,
667,-
1776,-
,
,
,
,
3000,-
,
,
,
,
,
,
,
,
,
,
,
,
,
,
,
,
,
,
,
,
808,-
,
,
,
,
230,-
,
,
,
,
,
,
,
,
,
750,-
,
,
725,-
,
,
,
10,-
,
,
,
,
,
,
,
,
,
,
,
,
,
,
,
,
,
,
,
,
,
,
,
,
,
,
,
,
,
,
,
,
,
,
,
,
,
,
,
,
,
,
,
,
,
,
,
,
,
,
,
,
,
,
,
,
,
,
,
,
,
,
,
,
,
,
,
,
,
,
,
,
,
,
,
,
,
,
,
,
,
,
,
,
,
,
,
,
,
,
,
,
,
,
,
,
,
,
,
,
,
,
,
,
,
,
,
,
,
,
,
,
,
,
,
,
,
,
,
,
,
,
,
,
,
7734,-
,
,
,
,
,
496,-
,
,
,
,
,
,
,
,
,
,
,
,
,
,
,
,
,
,
,
,
,
,
,
,
,
,
,
,
,
,
,
,
,
1917,-
,
,
,
,
,
,
,
,
,
,
,
,
,
,
,
,
1220,-
,
,
,
,
,
,
,
,
,
,
,
,
,
,
,
,
,
,
,
,
,
,
,
,
,
,
,
,
,
,
,
,
,
,
,
,
,
,
,
,
,
,
,
92,-
,
,
,
,
,
1971,-
,
,
,
,
,
,
,
,
,
,
,
,
,
,
,
,
,
,
,
,
,
,
,
,
,
,
,
,
,
,
,
,
,
,
,
,
,
,
,
,
,
,
,
,
,
,
,
,
,
,
,
,
,
,
,
,
,
,
,
,
,
,
,
,
,
,
,
,
,
,
,
,
,
,
,
,
705,-
,
,
,
,
,
,
,
,
,
,
,
,
,
,
,
,
,
,
,
,
,
,
,
,
,
,
,
,
2501,-
,
,
,
,
,
,
,
,
,
,
,
,
,
,
,
,
,
,
,
,
,
,
,
,
,
,
,
,
,
,
,
,
,
,
,
,
,
,
,
,
1500,-
,
,
,
,
,
,
,
,
,
,
,
,
,
,
,
,
,
,
,
,
,
,
,
,
,
,
,
,
,
,
,
,
,
,
,
,
,
,
,
,
,
,
,
,
,
,
,
,
,
,
,
,
,
,
,
,
,
,
,
,
,
,
1984,-
,
,
,
,
,
,
,
,
,
,
,
,
,
,
,
,
,
,
,
,
,
,
,
,
,
,
,
,
,
,
,
,
,
,
,
,
,
,
,
,
,
,
,
,
,
,
,
,
,
,
39,-
,
,
,
,
,
,
,
,
,
,
,
,
,
,
,
,
6662,-
,
,
,
,
,
,
1140,-
,
,
,
,
,
,
,
,
,
,
,
,
,
,
,
,
,
,
,
,
,
,
,
,
,
,
,
,
,
,
,
,
,
,
,
,
,
,
,
,
,
,
,
,
,
,
,
,
,
,
,
,
,
,
,
,
,
,
,
,
,
,
,
,
,
,
,
,
,
,
,
,
,
,
,
,
,
,
,
,
,
,
,
,
,
,
,
,
,
,
,
,
,
,
,
,
,
,
,
1599,-
2911,-
,
,
,
,
,
,
,
,
,
,
,
,
,
,
,
,
,
,
,
,
,
,
,
,
,
,
,
,
,
,
,
,
,
,
,
,
,
,
622,-
,
,
,
,
,
,
,
,
,
,
,
,
1655,-
121,-
,
,
,
,
,
,
,
,
,
,
,
333,-
,
,
,
,
,
,
,
,
,
628,-
,
,
,
,
,
,
,
,
,
,
,
,
,
,
,
404,-
,
,
,
,
,
,
,
,
,
,
,
,
,
,
,
,
,
,
,
,
,
,
,
,
,
,
,
,
,
,
,
,
,
,
,
,
,
,
,
,
,
,
,
,
,
,
,
,
,
,
,
,
,
,
,
,
,
114,-
,
,
,
,
,
,
,
,
,
,
,
,
,
,
,
1024,-
,
,
,
,
,
,
,
,
,
,
,
,
,
,
,
807,-
,
,
,
,
612,-
113,-
,
,
,
,
,
2814,-
,
296,-
,
,
,
,
645,-
,
,
,
,
,
1505,-
,
,
,
,
,
,
,
,
,
521,-
,
,
,
,
,
,
,
,
,
,
,
,
,
,
,
,
,
,
,
,
,
,
,
,
,
,
,
,
,
,
,
,
,
,
,
,
,
,
,
,
,
,
,
,
,
,
,
,
,
,
,
,
,
,
,
,
,
,
,
,
,
,
,
,
,
,
,
,
,
,
122,-
4377,-
,
,
,
,
,
,
,
,
,
,
,
,
,
2048,-
,
,
,
,
,
,
,
,
,
,
,
,
,
,
,
,
,
,
,
,
,
,
,
,
,
,
,
,
,
,
,
,
,
,
,
,
,
,
,
,
,
1004,-
,
,
,
,
,
8592,-
,
,
,
,
,
,
,
,
,
,
,
,
,
,
4201,-
,
,
,
,
,
,
,
1202,-
141,-
1069,-
,
,
,
,
,
,
,
,
,
,
,
,
,
,
,
,
,
,
,
,
,
,
,
,
,
3435,-
,
,
,
,
,
,
,
,
,
,
,
,
,
,
,
,
,
,
,
,
,
,
82,-
,
,
,
,
,
,
,
,
,
,
,
,
,
,
,
,
,
,
,
,
,
,
,
,
,
,
,
134,-
,
,
,
,
,
,
,
,
,
,
,
,
,
115,-
352,-
,
,
,
,
,
,
,
,
,
,
,
,
,
,
,
,
,
,
1015,-
,
,
,
,
,
,
,
,
,
,
,
,
,
,
,
,
,
,
,
,
,
,
,
,
,
,
,
1036,-
,
,
,
,
,
,
,
,
,
,
,
,
,
,
,
,
,
,
,
,
,
,
,
,
,
,
,
,
,
,
,
,
,
,
,
,
,
415,-
,
,
,
,
,
,
,
,
,
,
,
,
,
,
,
,
,
,
,
,
,
,
,
,
,
,
,
,
,
,
1929,-
,
,
,
,
,
,
,
,
,
,
106,-
,
51,-
,
,
,
,
1490,-
,
,
,
,
,
,
,
,
,
,
,
,
,
,
,
,
,
,
,
,
,
,
,
,
,
,
,
,
,
1818,-
,
,
,
,
,
,
,
,
,
,
,
,
,
,
,
,
,
,
,
,
,
,
,
,
,
,
,
,
,
,
,
,
,
,
,
,
3008,-
,
,
,
953,-
,
,
,
,
,
,
,
,
,
,
,
,
,
,
,
,
,
,
,
,
,
,
,
,
,
,
,
,
,
,
,
,
,
,
,
,
,
,
,
,
,
,
,
,
,
,
,
,
,
,
,
,
,
,
,
600,-
,
,
,
,
,
,
,
,
,
,
,
,
,
,
,
,
,
,
330,-
,
,
,
,
,
,
,
,
,
,
,
,
,
,
,
33,-
,
,
,
,
,
,
,
,
,
,
,
,
6663,-
,
,
,
,
,
,
,
,
,
,
,
,
45,-
,
,
,
,
,
,
,
,
,
,
,
,
,
,
,
,
,
3,-
,
,
,
,
,
,
,
,
,
,
223,-
,
1032,-
,
,
,
,
,
,
,
,
,
,
,
,
,
,
,
,
,
,
,
,
,
,
,
,
,
,
,
,
,
,
,
,
,
,
,
,
,
,
88,-
,
,
,
,
,
,
,
,
,
,
,
,
,
,
,
,
,
,
,
,
,
,
,
,
,
,
,
,
,
,
,
,
,
,
,
,
,
,
,
,
,
,
,
,
,
,
,
,
,
,
,
,
,
,
,
,
,
229,-
,
,
,
,
,
,
,
,
,
,
,
,
,
,
,
,
,
,
,
,
,
,
,
,
,
,
,
,
,
,
,
,
,
,
,
,
,
,
,
,
,
,
,
,
,
,
,
,
,
,
,
6665,-
,
,
,
,
,
,
,
,
,
,
,
,
,
,
,
,
116,-
,
,
,
,
,
,
,
,
,
,
,
,
,
,
,
,
,
,
,
,
,
,
,
,
,
,
,
,
,
,
,
,
,
,
,
,
,
,
,
,
,
,
,
,
,
,
,
,
,
,
,
,
,
,
,
,
,
,
,
,
,
,
,
,
,
,
,
,
,
,
,
2509,-
,
,
,
510,-
,
,
,
,
,
,
,
,
,
,
,
,
,
,
,
,
,
,
,
,
,
,
,
,
,
,
1214,-
,
,
,
,
,
,
155,-
,
,
,
,
,
,
,
,
,
,
,
,
,
,
,
,
,
,
,
,
100,-
,
,
,
,
,
,
,
,
,
,
,
,
,
1100,-
,
,
,
,
,
,
,
,
,
,
,
,
,
,
,
,
,
,
,
,
,
,
,
,
,
,
,
,
,
,
,
,
,
,
30,-
,
,
,
,
,
,
,
,
,
,
,
,
5,-
,
,
,
,
,
,
,
,
,
,
,
,
1252,-
,
,
,
6664,-
,
,
,
,
,
,
,
,
,
,
,
,
,
,
,
,
,
,
,
,
,
,
,
,
,
,
,
,
,
,
,
,
,
,
,
,
,
,
,
,
,
,
,
,
,
,
,
,
,
,
,
,
,
,
,
,
,
,
,
,
,
,
,
,
,
,
,
,
,
,
,
,
,
,
,
,
,
,
,
,
,
,
,
,
,
,
,
,
,
,
,
,
,
,
,
,
,
,
,
,
,
,
,
,
,
,
,
,
,
,
,
,
,
,
,
,
,
,
,
,
,
,
,
,
,
,
,
,
,
,
,
,
,
,
,
,
,
,
,
,
,
,
,
,
,
,
,
,
,
,
,
,
,
,
,
,
,
,
,
,
,
,
,
,
,
,
,
,
,
,
,
,
,
,
,
,
,
,
,
,
,
,
,
,
,
,
,
,
,
,
,
,
,
,
,
,
,
,
,
,
,
340,-
,
,
,
,
517,-
,
,
,
,
,
,
,
,
,
,
,
,
,
,
,
65,-
,
,
,
,
,
,
,
,
,
,
,
,
,
,
,
,
,
,
,
,
,
,
,
,
,
,
,
,
,
,
,
,
,
,
,
,
,
,
,
,
,
,
,
,
,
2007,-
,
,
,
35,-
,
,
,
,
,
,
,
,
,
,
,
,
,
,
,
,
,
,
,
,
,
,
,
,
,
,
,
,
,
,
,
,
,
,
,
,
,
,
,
,
,
,
,
,
,
,
,
,
,
,
,
,
,
,
,
,
204,-
,
,
,
,
,
,
,
,
7776,-
,
,
,
,
,
,
,
,
,
,
1234,-
,
,
,
,
,
,
,
,
,
,
727,-
1727,-
,
,
,
,
,
,
,
,
,
,
,
,
,
,
,
,
,
,
,
,
,
,
,
,
,
,
,
,
,
,
,
,
,
,
,
,
,
,
,
,
,
,
,
,
,
,
,
,
,
,
,
,
,
,
,
,
,
,
,
,
,
,
,
,
,
,
,
,
,
,
,
,
,
,
,
,
,
,
,
815,-
,
,
,
,
,
,
,
1721,-
,
,
,
,
,
,
,
,
,
,
,
,
,
,
,
,
,
,
,
,
,
,
,
,
,
,
,
,
,
,
,
,
,
814,-
,
,
,
,
,
,
,
56,-
,
,
,
,
,
,
,
,
,
,
,
,
,
,
,
,
,
,
,
,
,
,
,
59,-
,
,
,
,
,
,
,
,
,
,
,
,
,
,
,
,
,
,
,
,
,
,
,
,
6661,-
,
,
,
,
,
,
1723,-
,
,
,
,
,
,
,
,
,
,
,
,
,
,
,
,
,
,
,
,
,
,
,
,
,
,
7775,-
68,-
,
,
,
,
,
,
,
,
,
,
,
,
,
,
,
,
,
,
,
,
,
,
,
,
,
,
,
,
,
,
,
,
,
,
,
,
,
,
,
,
,
,
,
,
,
,
,
,
,
,
,
,
,
,
,
,
,
,
,
,
,
,
,
,
,
,
,
,
,
,
,
,
,
,
,
,
,
,
,
,
,
,
,
,
,
,
,
,
,
,
,
,
,
,
,
,
,
,
,
,
,
,
,
,
,
,
,
,
,
,
,
,
,
,
,
,
,
,
,
,
,
,
,
,
,
,
,
,
,
,
,
,
,
,
,
,
,
,
,
,
,
,
,
,
2027,-
,
,
,
,
,
,
,
,
,
,
,
,
,
,
,
,
,
,
,
,
,
,
,
,
,
,
,
,
,
,
,
,
,
,
,
,
,
,
,
,
,
,
,
,
,
,
,
,
,
,
1158,-
,
,
,
,
,
,
,
,
,
,
,
,
,
,
,
,
,
,
,
,
,
,
,
,
,
,
,
,
,
,
,
,
,
,
,
,
1208,-
,
,
,
,
,
,
,
619,-
,
,
,
,
,
,
,
,
,
,
,
,
,
,
,
,
,
,
,
,
,
,
,
,
,
,
,
,
,
,
,
,
,
,
,
,
,
,
,
,
,
,
,
,
,
,
,
,
4444,-
,
,
,
,
,
,
,
,
,
,
,
,
,
,
,
,
,
,
,
,
,
,
,
,
,
,
,
,
,
,
,
,
,
,
,
,
,
,
,
,
,
,
1994,-
,
,
,
,
,
,
,
,
,
,
,
,
,
,
,
,
,
,
,
,
,
,
,
,
,
,
,
,
,
,
,
81,-
,
1101,-
,
,
,
,
,
,
,
,
,
,
,
,
,
,
,
,
,
,
,
,
,
,
,
,
,
,
,
,
,
,
,
,
,
,
,
,
,
,
,
,
,
,
,
,
,
,
,
,
,
,
,
,
,
,
,
,
,
,
,
,
,
,
,
,
,
,
,
,
,
,
,
,
,
,
,
,
,
,
,
,
,
,
,
,
,
,
,
,
,
,
,
,
,
,
,
,
,
,
,
,
,
,
,
,
,
,
,
,
,
,
,
,
,
,
,
,
,
,
,
,
,
,
,
,
,
,
,
,
,
,
,
,
,
,
,
,
,
,
,
,
,
,
,
,
,
,
,
,
,
,
,
,
,
,
,
,
,
,
,
,
22,-
,
,
,
,
,
,
,
,
,
,
,
,
,
,
,
,
,
,
,
,
,
6666,-
,
,
,
,
,
,
623,-
,
,
,
,
,
,
,
,
,
,
,
,
,
,
,
,
,
,
,
,
,
,
,
,
,
,
,
,
,
,
,
,
,
,
,
,
,
,
,
,
,
,
,
,
,
,
,
,
,
,
,
380,-
,
,
,
,
,
,
,
,
,
1372,-
,
,
,
1855,-
,
,
,
1235,-
,
,
,
,
,
,
,
,
,
,
,
,
,
,
,
469,-
,
,
,
,
,
,
,
,
,
,
,
,
,
,
,
21,-
,
,
,
,
,
,
,
,
,
,
,
,
,
,
,
1618,-
,
,
,
,
,
,
159,-
,
,
,
,
,
,
,
,
,
,
,
,
,
,
,
256,-
,
,
,
,
,
38,-
,
,
,
,
,
,
,
,
,
,
,
,
,
,
,
,
,
,
,
,
17,-
,
,
,
,
,
,
,
,
,
,
,
,
,
,
,
,
,
,
,
,
,
,
,
,
,
,
,
,
,
,
,
,
,
,
,
,
,
,
,
,
,
,
,
,
,
,
,
,
,
,
,
,
,
,
,
,
,
,
,
,
,
,
,
,
,
,
,
,
,
,
,
,
,
,
717,-
,
,
,
,
,
,
,
,
,
,
,
,
,
,
,
,
,
,
,
,
,
,
,
,
,
,
,
,
,
,
,
,
,
,
,
,
,
,
,
,
,
,
,
101,-
,
,
,
,
,
,
,
,
,
,
,
,
,
,
,
,
,
,
1464,-
,
,
,
34,-
,
,
,
,
,
,
,
,
,
,
,
,
,
,
,
,
,
,
,
,
,
,
,
,
,
,
,
,
,
,
,
770,-
,
,
,
,
,
,
,
,
,
,
,
,
,
,
,
,
,
,
,
,
,
,
,
,
,
,
,
,
,
,
,
,
,
,
,
,
8289,-
,
,
,
,
,
,
,
,
,
,
769,-
,
,
4321,-
,
,
,
,
,
,
,
,
,
,
,
,
,
,
,
,
,
,
,
,
,
,
,
,
,
,
,
,
,
,
,
,
,
,
,
,
,
,
,
,
,
,
,
,
,
,
,
,
,
,
,
,
,
,
,
,
,
,
,
,
558,-
,
,
,
,
,
,
,
,
,
,
,
,
,
317,-
,
,
,
,
,
,
,
,
,
,
,
,
,
,
,
,
,
,
,
,
,
,
,
,
,
,
,
,
,
32,-
,
,
,
,
,
,
,
,
,
,
,
,
,
,
,
,
18,-
,
,
,
,
,
,
,
,
,
,
,
,
,
,
,
,
,
,
,
,
,
,
,
,
,
,
,
,
,
,
,
,
,
46,-
,
,
,
,
,
,
,
,
,
,
,
,
,
,
,
,
,
,
,
,
,
,
,
,
,
,
,
1203,-
,
,
,
,
,
,
,
,
,
,
,
,
,
,
,
,
,
,
,
,
,
,
,
,
,
,
,
,
,
,
,
,
,
,
,
,
,
,
,
,
,
,
,
,
,
60,-
269,-
,
,
,
,
,
,
,
,
,
,
,
,
,
,
,
6674,-
,
,
,
,
,
,
,
,
,
,
,
,
,
,
,
,
,
,
,
,
,
,
,
,
,
,
,
,
,
,
,
,
,
,
,
,
,
,
,
,
,
,
,
,
,
,
,
,
,
,
,
,
,
,
,
,
,
,
,
,
,
,
,
,
,
,
,
5000,-
,
,
,
,
,
,
,
,
,
,
,
,
,
,
,
,
,
,
,
,
,
,
,
,
,
,
,
,
,
,
,
,
,
,
,
2473,-
,
,
,
,
,
,
,
,
,
,
,
,
,
,
,
,
,
,
,
,
,
,
,
,
,
,
,
,
,
,
,
,
,
,
,
,
,
,
,
,
,
,
,
,
,
,
,
,
,
,
,
,
,
,
,
789,-
,
,
99,-
,
,
,
,
,
,
,
,
,
1414,-
,
,
,
,
,
,
,
,
,
,
,
,
,
,
,
,
,
,
,
,
,
,
,
,
,
,
,
,
,
444,-
,
,
,
,
,
,
,
,
,
,
,
,
,
,
,
,
,
,
,
,
,
,
7365,-
,
,
,
,
,
,
,
,
,
,
,
,
,
,
,
,
,
,
,
,
,
,
,
,
,
,
,
,
,
,
,
,
,
,
,
,
,
,
,
,
,
,
,
,
,
,
,
,
,
,
,
,
,
,
,
,
,
,
,
,
,
,
,
,
,
,
,
,
,
,
,
,
,
,
,
,
,
,
,
,
,
,
,
,
,
,
,
,
,
,
,
,
,
,
,
,
,
,
,
,
,
,
,
,
,
,
,
,
,
,
,
,
,
,
,
,
,
,
,
,
,
,
,
,
,
,
,
,
,
,
,
,
,
,
,
,
,
,
,
,
,
,
,
,
,
,
,
,
,
,
,
,
,
,
,
,
,
,
,
,
,
,
,
,
,
,
,
,
,
680,-
,
,
,
,
,
,
,
,
,
,
,
,
,
,
,
,
,
,
,
,
,
,
,
,
,
,
,
,
,
,
,
,
,
,
,
,
,
,
,
,
,
,
,
,
,
,
,
,
,
,
,
,
,
,
,
,
,
,
,
,
,
,
,
,
,
,
,
,
,
,
,
,
,
,
,
,
548,-
,
,
,
,
,
,
,
,
,
,
,
,
,
,
,
,
,
,
,
,
,
,
,
,
,
,
,
,
,
,
,
,
,
,
,
,
,
,
,
,
,
,
,
,
,
,
,
,
,
,
,
,
,
,
,
,
,
,
,
,
,
,
,
,
,
,
,
,
,
,
,
,
,
,
,
,
,
,
,
,
,
,
,
,
,
,
,
1999,-
,
,
,
,
,
,
,
,
,
,
,
,
,
,
,
,
,
,
,
,
,
,
,
,
,
,
,
1911,-
91,-
,
,
,
,
,
,
,
,
,
,
,
,
,
,
,
,
,
,
,
,
,
,
,
,
,
,
,
,
,
,
8,-
,
,
,
,
,
,
,
,
538,-
,
,
,
,
,
15,-
,
,
,
,
,
,
,
,
,
,
,
,
,
,
,
,
,
,
,
,
,
,
,
,
,
,
,
,
,
,
,
,
,
,
,
,
,
,
,
,
,
,
6167,-
,
,
,
,
,
,
700,-
,
,
,
,
,
,
,
,
,
,
,
,
,
,
,
,
,
,
,
,
,
,
,
,
,
,
,
,
,
,
,
,
,
,
,
,
49,-
,
,
,
,
,
,
,
,
,
,
,
,
,
,
,
,
,
,
,
,
,
,
,
,
,
,
,
,
,
,
,
,
,
,
,
,
,
,
,
,
,
,
,
,
,
,
,
,
,
,
,
,
,
,
,
,
,
,
2022,-
,
,
,
,
,
,
,
,
,
,
,
,
,
,
,
,
,
,
,
,
,
,
,
,
,
,
,
,
,
,
,
,
,
,
,
,
,
,
,
,
,
,
,
,
,
,
,
,
,
,
,
,
3657,-
,
,
,
,
,
,
,
,
,
,
,
,
,
,
,
,
,
,
124,-
,
,
,
,
,
,
,
,
,
,
,
,
,
,
,
,
,
,
,
,
,
,
,
,
,
,
,
,
,
,
,
,
,
,
,
,
,
,
,
,
,
,
,
,
,
,
,
,
,
,
,
,
,
,
,
,
,
,
,
,
,
,
,
,
,
,
,
,
,
,
,
,
,
,
,
,
,
,
,
,
,
,
,
,
1218,-
,
,
,
,
,
,
,
,
,
,
,
,
,
,
,
,
,
,
,
,
,
,
,
,
,
,
,
,
,
,
,
,
,
,
,
,
,
,
,
,
,
,
,
,
,
,
,
,
,
,
,
,
,
,
,
,
,
,
,
,
,
169,-
,
,
,
,
,
,
,
,
,
,
,
,
451,-
,
,
,
,
,
,
,
,
,
,
,
,
,
,
,
,
,
,
,
,
,
,
,
,
,
,
,
,
,
,
,
,
,
,
,
,
,
,
,
,
,
,
,
,
,
,
,
,
,
,
,
,
,
,
,
,
,
,
,
,
,
,
,
,
,
,
,
,
,
,
,
,
48,-
,
,
,
,
,
,
,
,
,
,
,
,
,
,
8008,-
,
,
,
,
,
,
,
,
,
,
,
,
,
,
,
,
,
,
,
117,-
,
,
,
,
,
,
,
,
,
,
,
,
,
1969,-
,
,
,
,
,
,
,
,
,
,
,
,
,
,
,
,
,
,
,
,
,
,
,
,
,
,
,
,
,
,
,
,
,
,
,
,
,
,
,
,
,
,
,
,
,
,
,
,
,
,
,
,
,
,
,
,
,
,
,
,
,
,
,
,
,
,
,
,
,
,
,
,
,
,
,
,
,
,
,
,
,
,
,
,
,
,
,
,
,
,
,
,
,
,
,
,
,
,
,
,
,
,
,
,
,
,
,
,
,
,
,
1902,-
,
,
,
,
,
,
,
,
,
,
,
,
,
,
,
,
,
,
,
,
,
,
,
,
,
,
,
,
,
,
,
,
,
,
,
,
,
,
,
,
,
,
,
,
,
,
,
,
,
,
,
,
,
,
,
,
,
,
,
,
,
,
,
,
,
,
,
,
,
,
,
,
,
,
,
,
,
,
,
,
,
,
,
,
,
,
,
,
,
,
,
,
1117,-
,
,
,
,
,
,
,
,
,
,
,
,
,
,
,
,
,
,
,
669,-
,
,
,
,
,
,
,
,
,
,
,
,
,
,
,
,
,
,
,
,
,
,
,
,
,
,
,
,
,
,
,
,
,
,
695,-
,
,
,
,
,
,
97,-
,
,
,
,
,
,
,
,
,
,
,
,
,
,
,
,
,
,
,
,
,
,
,
,
,
,
,
,
,
,
,
,
,
,
,
,
,
,
,
,
,
,
,
,
,
,
,
,
,
,
,
,
,
,
,
,
,
,
,
,
,
,
,
,
,
,
,
,
,
,
,
,
,
,
,
,
,
,
,
,
,
,
,
3500,-
,
,
,
786,-
,
,
,
,
,
,
,
,
,
,
,
,
,
,
,
,
,
,
,
,
,
,
,
,
,
,
,
,
,
,
,
,
,
,
,
,
,
,
,
,
,
,
,
,
,
,
,
,
8701,-
,
,
,
,
,
,
,
,
,
,
,
,
,
,
,
,
,
,
,
,
,
,
,
,
,
,
,
,
,
,
,
,
,
,
,
,
,
,
26,-
,
,
,
,
,
,
,
,
,
,
,
,
,
,
,
,
,
,
,
,
,
,
,
,
,
,
,
,
,
,
,
,
,
,
,
,
,
,
,
,
,
,
,
,
,
,
,
,
,
,
,
,
,
,
,
,
,
,
,
,
,
,
,
,
,
,
,
,
,
,
,
,
,
,
,
,
,
,
,
,
,
,
,
,
,
,
,
,
,
,
,
,
,
,
,
,
,
,
,
,
,
,
,
,
,
,
,
,
,
,
,
,
,
1230,-
,
,
,
,
,
,
,
,
,
,
,
,
136,-
,
,
,
36,-
,
,
,
,
,
406,-
,
,
,
,
,
,
8888,-
,
,
,
,
,
,
,
,
,
,
,
,
,
,
,
,
,
,
,
,
,
,
,
,
,
,
,
,
,
,
,
,
,
,
730,-
,
,
,
,
,
,
512,-
,
,
,
,
,
3650,-
,
,
,
,
,
,
,
,
,
,
,
,
,
,
,
,
,
,
,
,
,
7700,-
,
,
1679,-
,
,
,
,
,
,
,
,
,
,
,
152,-
,
,
,
,
,
,
,
,
,
,
,
,
,
,
,
,
,
,
,
,
,
,
,
,
,
,
,
,
,
,
,
,
,
,
,
,
,
,
,
,
,
1207,-
,
,
,
,
,
,
,
,
,
,
,
,
,
,
,
,
,
,
,
,
,
,
9110,-
,
,
,
,
812,-
89,-
,
,
,
,
,
,
,
,
,
,
,
,
,
,
,
,
,
,
,
,
,
,
,
,
,
,
,
,
,
,
,
,
,
,
,
,
,
,
,
,
,
,
,
,
,
,
1669,-
,
,
,
,
,
,
,
,
,
,
,
,
,
,
,
,
,
,
,
,
,
,
,
,
,
,
,
,
,
,
,
,
,
,
,
,
,
,
,
,
5050,-
,
,
,
,
,
,
,
5318,-
,
,
,
,
,
,
,
,
,
,
,
,
,
,
,
,
,
,
,
,
,
,
,
,
2021,-
,
,
,
,
,
,
,
,
,
,
,
,
,
,
,
,
,
,
,
,
,
,
,
,
,
,
,
,
,
,
,
366,-
,
,
,
,
,
,
,
,
,
,
,
,
,
,
,
,
,
,
,
,
,
,
,
,
,
,
,
,
,
,
,
,
,
,
,
,
,
,
,
25,-
,
,
,
,
,
,
,
,
,
,
,
,
,
,
,
,
,
,
,
,
,
,
,
,
,
,
,
,
,
,
,
,
,
,
,
,
,
,
,
,
,
,
,
760,-
,
,
,
,
,
,
,
,
,
,
,
,
,
,
,
,
47,-
,
,
,
,
,
,
,
,
,
347,-
,
,
,
,
,
,
,
,
,
,
,
,
,
,
288,-
,
,
,
,
,
,
,
,
,
,
,
,
,
,
,
,
,
,
,
,
6022,-
,
,
,
,
,
,
,
,
,
,
,
,
,
,
,
,
,
,
,
,
,
,
104,-
,
,
2019,-
,
,
,
,
,
,
,
,
,
,
,
1103,-
,
,
,
,
,
,
,
,
,
,
,
,
,
,
,
,
,
,
,
,
,
,
,
,
,
,
,
,
,
,
,
,
,
,
,
,
,
,
,
,
,
,
,
,
,
,
,
,
,
,
,
,
,
,
,
,
,
,
,
,
,
,
,
20,-
,
,
,
74,-
,
,
,
,
,
,
,
,
,
,
,
,
,
,
,
,
,
,
,
,
,
,
,
,
,
,
,
,
412,-
,
,
109,-
,
,
,
,
,
,
,
,
,
,
,
,
,
,
,
86,-
,
,
,
,
,
,
,
,
95,-
94,-
72,-
,
,
,
,
,
,
1102,-
,
,
,
,
,
,
,
,
,
,
,
,
,
,
,
,
,
,
,
,
,
,
,
,
,
,
,
,
,
,
,
,
,
,
,
,
,
,
,
,
,
,
,
,
,
,
,
,
,
,
,
,
,
,
,
,
,
,
,
,
,
,
,
,
,
,
,
,
,
,
,
,
,
,
,
,
,
,
,
,
,
,
,
,
,
,
,
,
,
,
,
,
,
,
,
,
,
,
,
,
,
,
,
,
,
,
,
,
,
,
,
,
,
,
,
,
,
,
,
,
,
,
,
,
,
,
,
,
,
,
,
,
,
,
,
2101,-
,
,
,
,
,
,
,
,
,
,
,
,
,
,
,
,
,
,
,
,
,
,
,
,
,
,
,
,
,
,
,
,
,
,
,
,
,
,
,
,
,
,
,
,
,
,
,
,
,
,
,
,
,
,
,
,
,
,
,
,
,
,
,
,
,
,
,
,
,
,
,
,
,
,
,
,
,
,
,
,
,
,
2500,-
,
,
,
,
,
,
,
,
,
,
,
,
,
,
,
,
,
,
,
,
,
,
,
,
,
,
,
,
1169,-
,
,
,
,
,
,
,
,
,
,
,
,
,
,
,
,
,
,
,
,
,
,
,
,
,
,
,
,
,
,
,
,
,
,
,
,
,
,
,
,
,
,
,
,
,
2017,-
,
,
,
,
,
,
,
,
,
,
,
,
,
,
,
,
,
,
,
,
,
,
,
,
,
,
,
,
,
,
,
,
,
,
,
,
,
,
8485,-
,
,
,
,
,
,
,
,
,
,
,
,
,
,
,
,
,
,
,
,
,
,
,
,
,
,
,
,
,
,
,
,
,
,
,
,
,
,
,
,
,
,
,
,
,
,
,
,
,
,
,
,
,
,
,
,
,
,
,
,
,
,
,
,
,
,
,
,
,
,
,
,
,
,
,
,
,
,
,
,
,
,
,
1730,-
3140,-
5673,-
7487,-
8890,-
9510,-
,
,
,
,
,
,
,
,
,
,
,
,
,
,
,
,
,
,
,
,
,
,
,
,
,
,
,
,
,
,
,
,
,
,
,
,
,
,
,
,
,
,
,
,
,
,
,
,
,
,
,
,
,
,
,
,
,
,
,
,
,
,
,
,
,
,
,
,
,
,
,
,
,
,
,
,
,
,
,
,
,
,
,
,
,
,
,
,
,
,
,
,
,
,
,
,
,
,
,
,
,
,
,
,
,
,
,
,
,
,
,
,
,
,
,
,
,
,
,
16,-
,
,
,
,
,
,
,
,
,
,
,
,
,
,
,
,
,
,
,
,
,
,
,
,
,
,
,
,
,
,
,
,
,
,
,
,
,
,
,
,
,
,
,
,
,
,
,
,
,
,
,
,
,
,
,
,
,
,
,
,
,
,
,
,
,
,
,
,
,
,
,
,
,
,
,
,
,
,
,
,
5978,-
,
,
,
1867,-
,
,
,
,
,
,
,
,
,
,
,
,
,
,
,
,
,
,
,
,
,
,
,
,
,
,
,
,
,
,
,
,
,
,
,
,
,
,
1079,-
,
,
,
,
2671,-
828,-
,
,
,
,
,
,
,
,
,
,
,
,
,
,
,
,
,
,
,
,
,
,
,
,
,
,
,
,
,
,
,
,
,
,
,
,
,
,
,
,
,
,
,
,
,
,
1939,-
,
,
,
,
,
,
,
,
,
,
,
,
,
,
,
,
,
,
,
,
,
,
,
,
,
,
,
,
,
,
,
,
,
,
,
2002,-
,
,
,
,
,
690,-
,
,
,
,
,
31,-
,
,
,
,
,
,
,
,
,
,
,
,
,
,
,
,
,
,
,
,
,
,
,
,
,
,
,
,
,
,
,
,
,
,
,
,
,
,
,
,
,
,
,
,
,
,
150,-
,
,
,
,
,
,
,
,
,
,
,
,
,
,
,
,
,
,
,
,
,
,
,
,
,
,
,
,
,
,
,
,
,
,
,
,
,
,
,
,
,
,
,
,
,
,
,
606,-
,
,
,
,
,
,
,
,
,
,
,
,
,
,
,
,
,
,
,
,
,
,
,
,
,
,
,
,
,
,
,
,
,
,
360,-
,
,
,
,
,
,
,
,
,
,
,
,
,
,
3005,-
,
,
,
,
,
,
,
,
,
,
,
,
,
,
,
,
,
,
,
,
,
,
,
,
247,-
,
,
,
,
,
,
,
,
,
,
,
,
,
,
,
,
,
,
,
,
,
,
,
,
,
,
,
,
,
,
,
,
,
,
,
,
,
,
,
,
,
,
,
,
,
,
,
,
,
,
,
,
,
,
,
,
,
,
,
,
,
,
,
,
,
,
,
,
,
,
,
87,-
,
,
,
,
,
,
,
,
,
,
,
421,-
,
,
,
,
,
,
,
,
,
1007,-
,
,
,
,
,
,
,
,
,
,
,
3101,-
,
,
,
,
,
,
,
,
,
,
,
,
,
,
,
,
,
,
,
,
,
,
,
,
,
,
,
,
,
,
,
,
,
,
,
,
,
,
,
,
,
,
,
,
,
,
,
,
,
,
,
,
,
800,-
,
,
,
,
,
,
,
,
,
,
,
,
,
,
,
,
,
,
,
,
,
,
6660,-
,
,
1564,-
,
,
,
,
,
,
,
,
,
,
,
,
,
,
,
,
,
,
,
,
,
,
,
84,-
,
,
,
,
,
,
,
,
,
,
,
,
,
,
,
,
,
,
,
,
,
,
,
,
1010,-
,
,
,
,
,
,
,
,
,
,
,
,
,
,
,
,
,
,
,
,
,
,
,
,
,
,
,
,
,
,
,
,
,
,
,
,
,
,
,
,
,
,
,
,
,
,
,
,
,
,
,
,
,
,
,
,
,
,
,
,
,
,
,
,
,
,
,
,
,
,
,
,
,
,
,
,
,
,
,
8055,-
,
,
,
,
,
,
,
,
,
,
,
,
,
,
,
,
,
,
,
,
,
737,-
,
,
,
,
,
,
,
,
,
602,-
,
,
,
,
,
,
,
,
,
,
,
,
,
,
,
,
,
,
,
,
,
,
,
,
,
,
,
,
,
,
,
,
,
,
,
,
,
,
,
,
,
797,-
,
,
,
,
,
,
,
,
,
,
,
,
,
,
,
,
,
28,-
,
,
27,-
,
,
,
,
,
,
,
,
,
,
,
,
,
,
,
,
,
,
,
,
,
,
,
,
,
,
,
,
,
,
,
,
8128,-
,
365,-
,
,
,
,
,
,
,
,
,
,
,
,
,
,
,
,
,
,
,
,
,
,
,
,
,
,
,
,
,
,
,
,
,
,
,
,
,
,
,
,
,
,
,
,
,
,
,
,
,
,
,
,
,
,
,
,
,
,
,
,
,
,
,
,
,
,
,
,
,
,
,
,
,
,
,
,
,
,
,
,
,
,
,
,
,
,
,
,
,
,
,
,
,
,
,
,
,
,
1006,-
,
,
,
,
,
,
,
3741,-
,
,
,
,
,
,
,
,
,
,
,
,
,
,
,
,
,
,
,
,
,
,
,
,
,
,
,
,
,
,
,
,
,
,
,
,
,
,
,
,
,
,
,
,
,
,
,
,
,
,
,
,
,
,
,
,
,
,
,
,
,
,
,
,
,
,
,
,
,
,
,
,
,
,
,
,
,
,
,
,
,
,
,
,
,
,
,
,
,
,
,
,
,
,
741,-
,
,
,
,
,
,
,
,
,
,
,
,
,
,
,
,
,
,
,
,
,
,
,
,
,
,
,
,
,
,
,
691,-
,
,
,
,
,
,
,
,
,
,
,
,
,
,
,
,
,
,
,
,
,
,
,
,
,
,
,
,
,
,
,
,
,
,
,
,
,
,
,
,
,
,
,
,
,
,
,
,
,
,
,
,
,
,
,
,
,
,
,
,
,
,
,
,
,
,
,
,
,
,
,
,
,
,
,
,
,
,
,
,
,
,
,
,
,
,
,
,
,
,
,
,
,
,
,
,
,
,
,
,
,
,
,
,
,
,
,
,
,
,
,
,
,
,
,
,
,
,
,
,
,
,
,
,
,
,
,
,
,
,
,
,
,
,
,
,
,
,
,
,
,
,
,
,
,
,
,
,
,
,
,
,
,
,
,
,
,
,
,
,
,
,
,
,
,
,
,
,
,
,
,
,
,
,
,
,
,
,
,
,
,
,
,
,
,
,
,
,
,
,
,
,
,
,
,
,
,
,
,
,
,
,
,
,
,
,
,
,
,
999,-
,
,
,
,
,
401,-
,
,
,
,
,
,
,
,
,
,
,
,
,
,
,
,
,
,
,
,
,
,
,
,
,
,
,
,
,
,
,
,
,
,
,
,
,
2121,-
62,-
96,-
98,-
102,-
103,-
154,-
4193,-
396,-
616,-
900,-
925,-
1987,-
2099,-
2311,-
5069,-
867,-
2112,-
,
199,-
6035,-
3102,-
7253,-
2564,-
118,-
322,-
4077,-
1251,-
12,-
969,-
1990,-
911,-
9080,-