Nothing,Nothing,,,,,,,,,,,,,0
Top-level,Top-level,,,,,,,,,,,,,1
Ambient,Ambient,Top-level,,,,,,,,,,,,2
Blues,Blues,Top-level,,,,,,,,,,,,3
Classical,Classical,Top-level,,,,,,,,,,,,4
Comedy,Comedy,Top-level,,,,,,,,,,,,5
Dance,Dance,Top-level,,,,,,,,,,,,6
Darkwave,Darkwave,Top-level,,,,,,,,,,,,7
Descriptor Genres,Descriptor Genres,Top-level,,,,,,,,,,,,8
Electronic,Electronic,Top-level,,,,,,,,,,,,9
EDM,EDM,Dance,Electronic,Top-level,,,,,,,,,,10
Experimental,Experimental,Top-level,,,,,,,,,,,,11
Field Recordings,Field Recordings,Top-level,,,,,,,,,,,,12
Folk,Folk,Top-level,,,,,,,,,,,,13
Hip Hop,Hip Hop,Top-level,,,,,,,,,,,,14
Industrial Music,Industrial Music,Top-level,,,,,,,,,,,,15
Jazz,Jazz,Top-level,,,,,,,,,,,,16
Rock,Rock,Top-level,,,,,,,,,,,,17
Metal,Metal,Rock,Top-level,,,,,,,,,,,18
Musical Theatre,Musical Theatre,Top-level,,,,,,,,,,,,19
New Age,New Age,Top-level,,,,,,,,,,,,20
No Genre,No Genre,Top-level,,,,,,,,,,,,21
Pop,Pop,Top-level,,,,,,,,,,,,22
Psych,Psych,Top-level,,,,,,,,,,,,23
Punk,Punk,Top-level,,,,,,,,,,,,24
R&B,R&B,Top-level,,,,,,,,,,,,25
Funk,Funk,R&B,Top-level,,,,,,,,,,,26
Soul,Soul,R&B,Top-level,,,,,,,,,,,27
Regional Music,Regional Music,Top-level,,,,,,,,,,,,28
Northern American Music,Northern American Music,Regional Music,,,,,,,,,,,,29
Country,Country,Northern American Music,Regional Music,Top-level,,,,,,,,,,30
Singer-Songwriter,Singer-Songwriter,Top-level,,,,,,,,,,,,31
Ska,Ska,Top-level,,,,,,,,,,,,32
European Music,European Music,Regional Music,,,,,,,,,,,,33
Dance-Pop,Dance-Pop,Dance,Pop,,,,,,,,,,,34
2 Tone,2 Tone,Ska,,,,,,,,,,,,35
A cappella,A cappella,Descriptor Genres,,,,,,,,,,,,36
Abstract Hip Hop,Abstract Hip Hop,Hip Hop,,,,,,,,,,,,37
Acoustic Blues,Acoustic Blues,Blues,,,,,,,,,,,,38
Acoustic Rock,Acoustic Rock,Rock,,,,,,,,,,,,39
Adult Contemporary,Adult Contemporary,Pop,,,,,,,,,,,,40
African Music,African Music,Regional Music,,,,,,,,,,,,41
Alternative Metal,Alternative Metal,Metal,Rock,,,,,,,,,,,42
Alternative Rock,Alternative Rock,Rock,,,,,,,,,,,,43
Alt-Country,Alt-Country,Country,Northern American Music,Regional Music,,,,,,,,,,44
Alt-Pop,Alt-Pop,Pop,,,,,,,,,,,,45
Ambient Pop,Amb–ent Pop,Pop,,,,,,,,,,,,46
Americana,Americana,Northern American Music,Regional Music,,,,,,,,,,,47
Andean New Age,Andean New Age,New Age,,,,,,,,,,,,48
AOR,AOR,Rock,,,,,,,,,,,,49
Arabic Music,Arabic Music,Regional Music,,,,,,,,,,,,50
Art Pop,Art Pop,Pop,,,,,,,,,,,,51
Art Punk,Art Punk,Punk,,,,,,,,,,,,52
Art Rock,Art Rock,Rock,,,,,,,,,,,,53
Avant-Garde Jazz,Avant-Garde Jazz,Jazz,,,,,,,,,,,,54
Avant-Garde Metal,Avant-Garde Metal,Metal,Rock,,,,,,,,,,,55
Balkan Music,Balkan Music,Regional Music,European Music,,,,,,,,,,,56
Baroque Pop,Baroque Pop,Pop,,,,,,,,,,,,57
Bebop,Bebop,Jazz,,,,,,,,,,,,58
Big Band,Big Band,Jazz,,,,,,,,,,,,59
Bit Music,Bit Music,Electronic,,,,,,,,,,,,60
Black Metal,Black Metal,Metal,Rock,,,,,,,,,,,61
Blue-Eyed Soul,Blue-Eyed S0ul,Pop,,,,,,,,,,,,62
Blues Rock,Bl–es Rock,Rock,,,,,,,,,,,,63
Boy Band,Boy Band,Pop,,,,,,,,,,,,64
Brazilian Music,Brazilian Music,Regional Music,,,,,,,,,,,,65
Breakbeat,Breakbeat,EDM,Dance,Electronic,,,,,,,,,,66
Brill Building,Brill Building,Pop,,,,,,,,,,,,67
Bubblegum,B–bblegum,Pop,,,,,,,,,,,,68
Bubblegum Bass,Bubblegum Bass,EDM,Dance,Electronic,,,,,,,,,,69
C-Pop,C-Pop,Pop,,,,,,,,,,,,70
Caribbean Music,Caribbean Music,Regional Music,,,,,,,,,,,,71
Cartoon Music,Cartoon Music,Jazz,,,,,,,,,,,,72
Celtic New Age,Celtic New Age,New Age,European Music,Regional Music,,,,,,,,,,73
Chamber Jazz,Chamber Jazz,Jazz,,,,,,,,,,,,74
Chanson,Chanson,Regional Music,European Music,,,,,,,,,,,75
Children's Music,Children's Music,Descriptor Genres,,,,,,,,,,,,76
Christian Hip Hop,Christian Hip Hop,Hip Hop,,,,,,,,,,,,77
Christian Rock,Christian Rock,Rock,,,,,,,,,,,,78
Cinematic Classical,Cinematic Classical,Classical,,,,,,,,,,,,79
Cloud Rap,Cloud Rap,Hip Hop,,,,,,,,,,,,80
Conscious Hip Hop,Conscious Hip Hop,Hip Hop,,,,,,,,,,,,81
Contemporary Country,Contemporary Country,Country,Northern American Music,Regional Music,,,,,,,,,,82
Contemporary Folk,Contemporary Folk,Folk,,,,,,,,,,,,83
Contemporary R&B,Contemporary R&B,R&B,,,,,,,,,,,,84
Cool Jazz,Cool Jazz,Jazz,,,,,,,,,,,,85
Country Rock,C0untry Rock,Rock,,,,,,,,,,,,86
Crunk,Crunk,Hip Hop,,,,,,,,,,,,87
Dark Cabaret,Dark C–baret,Rock,,,,,,,,,,,,88
Dark Jazz,Dark Jazz,Jazz,,,,,,,,,,,,89
Death Metal,Death Metal,Metal,Rock,,,,,,,,,,,90
Dirty South,Dirty South,Hip Hop,,,,,,,,,,,,91
Disco,Disco,Dance,,,,,,,,,,,,92
Disco Rap,D–sco Rap,Hip Hop,,,,,,,,,,,,93
Dixieland,Dixieland,Jazz,,,,,,,,,,,,94
Doo-Wop,Doo-Wop,R&B,,,,,,,,,,,,95
Doom Metal,Doom Metal,Metal,Rock,,,,,,,,,,,96
Downtempo,Downtempo,Electronic,,,,,,,,,,,,97
Drone,Drone,Experimental,,,,,,,,,,,,98
Drone Metal,Dr0ne Metal,Metal,Rock,,,,,,,,,,,99
Drum and Bass,Drum and Bass,EDM,Dance,Electronic,,,,,,,,,,100
Dubstep,Dubstep,EDM,Dance,Electronic,,,,,,,,,,101
East Asian Music,East Asian Music,Regional Music,,,,,,,,,,,,102
East Coast Hip Hop,East Coast Hip Hop,Hip Hop,,,,,,,,,,,,103
Easy Listening,Easy Listening,Pop,,,,,,,,,,,,104
ECM Style Jazz,ECM Style Jazz,Jazz,,,,,,,,,,,,105
Electric Blues,Electric Blues,Blues,,,,,,,,,,,,106
Electro,Electr0,EDM,Dance,Electronic,,,,,,,,,,107
Electroclash,Electroclash,EDM,Dance,Electronic,,,,,,,,,,108
Emo,Emo,Punk,,,,,,,,,,,,109
Emo Rap,Em0 Rap,Hip Hop,,,,,,,,,,,,110
Ethereal Wave,Ethereal Wave,Darkwave,,,,,,,,,,,,111
Europop,Europop,Pop,,,,,,,,,,,,112
Experimental Hip Hop,Exp–rimental Hip Hop,Hip Hop,,,,,,,,,,,,113
Experimental Rock,Exp–rimental Rock,Rock,,,,,,,,,,,,114
Folk Metal,F0lk Metal,Metal,Rock,,,,,,,,,,,115
Folk Rock,F0lk Rock,Rock,,,,,,,,,,,,116
Folktronica,F0lktronica,Electronic,,,,,,,,,,,,117
Free Improvisation,Free Improvisation,Experimental,,,,,,,,,,,,118
French Pop,French Pop,Pop,,,,,,,,,,,,119
Acid Jazz,Acid Jazz,Funk,R&B,,,,,,,,,,,120
Funk Rock,F–nk Rock,Rock,,,,,,,,,,,,121
Funktronica,F–nktronica,EDM,Dance,Electronic,,,,,,,,,,122
Future Bass,Future Bass,EDM,Dance,Electronic,,,,,,,,,,123
G-Funk,G-F–nk,Hip Hop,,,,,,,,,,,,124
Garage Rock,Garage Rock,Rock,,,,,,,,,,,,125
Girl Group,Girl Group,Pop,,,,,,,,,,,,126
Glam Rock,Glam Rock,Rock,,,,,,,,,,,,127
Glitch Hop,Glitch Hop,Electronic,,,,,,,,,,,,128
Greek Music,Greek Music,Regional Music,European Music,,,,,,,,,,,129
Grime,Grime,EDM,Dance,Electronic,,,,,,,,,,130
Groove Metal,Groove Metal,Metal,Rock,,,,,,,,,,,131
Hard Rock,Hard Rock,Rock,,,,,,,,,,,,132
Hardcore [EDM],Hardcore [EDM],EDM,Dance,Electronic,,,,,,,,,,133
Hardcore [Punk],Hardcore [Punk],Punk,Rock,,,,,,,,,,,134
Hardcore Hip Hop,Hardcore Hip Hop,Hip Hop,,,,,,,,,,,,135
Heartland Rock,Heartland Rock,Rock,,,,,,,,,,,,136
Heavy Metal,Heavy Metal,Metal,Rock,,,,,,,,,,,137
HexD,HexD,Electronic,,,,,,,,,,,,138
Hispanic Music,Hispanic Music,Regional Music,,,,,,,,,,,,139
Holiday Music,Holiday Music,Descriptor Genres,,,,,,,,,,,,140
Honky Tonk,Honky Tonk,Country,Northern American Music,Regional Music,,,,,,,,,,141
House,House,EDM,Dance,Electronic,,,,,,,,,,142
Hyphy,Hyphy,Hip Hop,,,,,,,,,,,,143
IDM,IDM,Electronic,,,,,,,,,,,,144
Illbient,Illbient,Electronic,,,,,,,,,,,,145
Indie Pop,Indie Pop,Pop,,,,,,,,,,,,146
Indietronica,Indietronica,Electronic,,,,,,,,,,,,147
Instrumental Hip Hop,Instrumental Hip Hop,Hip Hop,,,,,,,,,,,,148
J-Pop,J-Pop,Pop,,,,,,,,,,,,149
Japanese Hip Hop,Japanese Hip Hop,Hip Hop,,,,,,,,,,,,150
Jazz Fusion,Jazz Fusion,Jazz,,,,,,,,,,,,151
Jazz Pop,J–zz Pop,Pop,,,,,,,,,,,,152
Jazz Rap,J–zz Rap,Hip Hop,,,,,,,,,,,,153
Jazz-Rock,J–zz-Rock,Rock,,,,,,,,,,,,154
K-Pop,K-Pop,Pop,,,,,,,,,,,,155
Latin Rap,Latin Rap,Hip Hop,,,,,,,,,,,,156
Mashup,Mashup,Descriptor Genres,,,,,,,,,,,,157
Math Rock,Math Rock,Rock,,,,,,,,,,,,158
Miami Bass,Miami Bass,Hip Hop,Dance,,,,,,,,,,,159
Minimal Wave,Minimal Wave,Electronic,,,,,,,,,,,,160
Mobb Music,Mobb Music,Hip Hop,,,,,,,,,,,,161
Mod,M0d,Rock,,,,,,,,,,,,162
Modal Jazz,Modal Jazz,Jazz,,,,,,,,,,,,163
Modern Classical,Modern Classical,Classical,,,,,,,,,,,,164
Moombahton,Moombahton,EDM,Dance,Electronic,,,,,,,,,,165
Musical Comedy,Musical Comedy,Comedy,,,,,,,,,,,,166
Musical Parody,Musical Parody,Descriptor Genres,,,,,,,,,,,,167
Nature Recordings,Nature Recordings,Field Recordings,,,,,,,,,,,,168
Neo-Psychedelia,Neo-Psychedelia,Psych,,,,,,,,,,,,169
Neoclassical Darkwave,Neocl–ssical Darkwave,Darkwave,,,,,,,,,,,,170
Neoclassical New Age,Neocl–ssical New Age,New Age,,,,,,,,,,,,171
Nerdcore,Nerdcore,Hip Hop,,,,,,,,,,,,172
New Orleans Blues,New Orleans Blues,Blues,,,,,,,,,,,,173
New Orleans R&B,New Orleans R&B,R&B,,,,,,,,,,,,174
New Wave,New Wave,Rock,,,,,,,,,,,,175
Nightcore,Nightcore,Electronic,,,,,,,,,,,,176
Noise,Noise,Experimental,,,,,,,,,,,,177
Noise Rock,N0ise Rock,Rock,,,,,,,,,,,,178
Novelty,Novelty,Descriptor Genres,,,,,,,,,,,,179
Nu Jazz,Nu J–zz,Electronic,,,,,,,,,,,,180
Palingsound,Palingsound,Pop,,,,,,,,,,,,181
Piano Blues,Piano Blues,Blues,,,,,,,,,,,,182
Plunderphonics,Plunderphonics,Experimental,,,,,,,,,,,,183
Political Hip Hop,Political Hip Hop,Hip Hop,,,,,,,,,,,,184
Polynesian Music,Polynesian Music,Regional Music,,,,,,,,,,,,185
Pop Rap,P0p Rap,Hip Hop,,,,,,,,,,,,186
Post-Bop,Post-Bop,Jazz,,,,,,,,,,,,187
Post-Hardcore,Post-Hardcore,Punk,Hardcore [Punk],Rock,,,,,,,,,,188
Post-Industrial,Post-Industrial,Industrial Music,,,,,,,,,,,,189
Post-Metal,Post-Metal,Metal,Rock,,,,,,,,,,,190
Post-Punk,Post-Punk,Punk,,,,,,,,,,,,191
Post-Rock,Post-Rock,Rock,,,,,,,,,,,,192
Power Metal,Power Metal,Metal,Rock,,,,,,,,,,,193
Progressive Rock,Progressive Rock,Rock,,,,,,,,,,,,194
Progressive Country,Progressive Country,Country,Northern American Music,Regional Music,,,,,,,,,,195
Progressive Electronic,Progressive Electronic,Electronic,,,,,,,,,,,,196
Progressive Metal,Progressive Metal,Metal,Rock,,,,,,,,,,,197
Progressive Pop,Progressive Pop,Pop,,,,,,,,,,,,198
Proto-Punk,Proto-Punk,Punk,,,,,,,,,,,,199
Psybient,Psybient,Electronic,,,,,,,,,,,,200
Pub Rock,Pub Rock,Rock,,,,,,,,,,,,201
Rap Rock,Rap Rock,Rock,,,,,,,,,,,,202
Reductionism,Reductionism,Experimental,,,,,,,,,,,,203
Rhythm & Blues,Rhythm & Bl–es,R&B,,,,,,,,,,,,204
Rock & Roll,Rock & Roll,Rock,,,,,,,,,,,,205
Roots Rock,Roots Rock,Rock,,,,,,,,,,,,206
Satire,Satire,Descriptor Genres,,,,,,,,,,,,207
Shibuya-kei,Shibuya-kei,Pop,,,,,,,,,,,,208
Show Tunes,Show Tunes,Musical Theatre,,,,,,,,,,,,209
Sketch Comedy,Sketch Comedy,Comedy,,,,,,,,,,,,210
Sludge Metal,Sludge Metal,Metal,Rock,,,,,,,,,,,211
Smooth Jazz,Smooth Jazz,Jazz,,,,,,,,,,,,212
Snap,Snap,Hip Hop,,,,,,,,,,,,213
Sophisti-Pop,Sophisti-Pop,Pop,,,,,,,,,,,,214
Soul Blues,S0ul Blues,Blues,,,,,,,,,,,,215
Soul Jazz,S0ul Jazz,Jazz,,,,,,,,,,,,216
Sound Collage,Sound Collage,Experimental,,,,,,,,,,,,217
Soundtrack,Soundtrack,Descriptor Genres,,,,,,,,,,,,218
South Asian Music,South Asian Music,Regional Music,,,,,,,,,,,,219
Southeast Asian Music,Southeast Asian Music,Regional Music,,,,,,,,,,,,220
Southern Hip Hop,Southern Hip Hop,Hip Hop,,,,,,,,,,,,221
Southern Metal,Southern Metal,Metal,Rock,,,,,,,,,,,222
Southern Rock,Southern Rock,Rock,,,,,,,,,,,,223
Space Ambient,Space Ambient,Ambient,,,,,,,,,,,,224
Spacesynth,Spacesynth,EDM,Dance,Electronic,,,,,,,,,,225
Speed Metal,Speed Metal,Metal,Rock,,,,,,,,,,,226
Spoken Word,Spoken Word,Descriptor Genres,,,,,,,,,,,,227
Stoner Metal,Stoner Metal,Metal,Rock,,,,,,,,,,,228
Sunshine Pop,Sunshine Pop,Pop,,,,,,,,,,,,229
Surf Music,Surf Music,Rock,,,,,,,,,,,,230
Swing,Sw–ng,Jazz,,,,,,,,,,,,231
Symphonic Metal,Symphonic Metal,Metal,Rock,,,,,,,,,,,232
Symphonic Rock,Symphonic Rock,Rock,,,,,,,,,,,,233
Synthwave,Synthwave,Electronic,,,,,,,,,,,,234
Tape Music,Tape Music,Experimental,,,,,,,,,,,,235
Techno,Techno,EDM,Dance,Electronic,,,,,,,,,,236
Teen Pop,Teen Pop,Pop,,,,,,,,,,,,237
Third Stream,Third Stream,Jazz,,,,,,,,,,,,238
Third Wave Ska,Third Wave Ska,Ska,,,,,,,,,,,,239
Thrash Metal,Thrash Metal,Metal,Rock,,,,,,,,,,,240
Traditional Pop,Traditional Pop,Pop,,,,,,,,,,,,241
Trance,Trance,EDM,Dance,Electronic,,,,,,,,,,242
Trap [EDM],Tr@p [EDM],EDM,Dance,Electronic,,,,,,,,,,243
Trap,Trap,Hip Hop,,,,,,,,,,,,244
Tribal Ambient,Tribal Ambient,Ambient,,,,,,,,,,,,245
Turntable Music,Turntable Music,Experimental,,,,,,,,,,,,246
Turntablism,Turntablism,Hip Hop,,,,,,,,,,,,247
UK Bass,UK Bass,EDM,Dance,Electronic,,,,,,,,,,248
UK Garage,UK Garage,EDM,Dance,Electronic,,,,,,,,,,249
UK Hip Hop,UK Hip Hop,Hip Hop,,,,,,,,,,,,250
Vapor,Vapor,Electronic,,,,,,,,,,,,251
Vaporwave,Vaporwave,Electronic,Vapor,,,,,,,,,,,252
Vaudeville Blues,Vaudeville Blues,Blues,,,,,,,,,,,,253
Vocal Jazz,Vocal Jazz,Jazz,,,,,,,,,,,,254
West Asian Music,West Asian Music,Regional Music,,,,,,,,,,,,255
West Coast Hip Hop,West Coast Hip Hop,Hip Hop,,,,,,,,,,,,256
Western Classical,Western Classical,Classical,,,,,,,,,,,,257
Wonky,Wonky,EDM,Dance,Electronic,,,,,,,,,,258
Yé-yé,Yé-yé,Pop,,,,,,,,,,,,259
Traditional Folk,Traditional Folk,Folk,Regional Music,,,,,,,,,,,260
Punk Rock,Punk Rock,Rock,Punk,,,,,,,,,,,261
Psychedelic Rock,Psychedelic Rock,Rock,Psych,,,,,,,,,,,262
Pop Rock,Pop Rock,Pop,Rock,,,,,,,,,,,263
Psychedelic Folk,Psychedelic Folk,Contemporary Folk,Folk,Psych,Folk,,,,,,,,,264
Eurodance,Eurodance,EDM,Dance-Pop,Pop,Dance,Electronic,,,,,,,,265
Synthpop,Synthpop,Electronic,Pop,,,,,,,,,,,266
Pop Soul,Pop Soul,R&B,Pop,Soul,,,,,,,,,,267
Hardcore Punk,Hardcore Punk,Punk Rock,Rock,Punk,Hardcore [Punk],,,,,,,,,268
European Folk Music,European Folk Music,Traditional Folk,Folk,Regional Music,European Music,,,,,,,,,269
2-Step,2-Step,UK Garage,EDM,Dance,Electronic,,,,,,,,,270
Acid House,Acid House,EDM,House,Dance,Electronic,,,,,,,,,271
Acid Techno,Acid Techno,EDM,Techno,Dance,Electronic,,,,,,,,,272
Acid Trance,Acid Trance,EDM,Trance,Dance,Electronic,,,,,,,,,273
Acidcore,Acidcore,Hardcore [EDM],EDM,Dance,Electronic,,,,,,,,,274
Afro-House,Afro-House,EDM,House,Dance,Electronic,,,,,,,,,275
Alternative R&B,Alternative R&B,Contemporary R&B,R&B,,,,,,,,,,,276
Ambient House,Amb–ent House,EDM,House,Dance,Electronic,,,,,,,,,277
Ambient Techno,Amb–ent Techno,EDM,Techno,Dance,Electronic,,,,,,,,,278
Ambient Trance,Amb–ent Trance,EDM,Trance,Dance,Electronic,,,,,,,,,279
American Primitivism,American Primitivism,Contemporary Folk,Folk,,,,,,,,,,,280
Anti-Folk,Anti-Folk,Contemporary Folk,Folk,,,,,,,,,,,281
Atlanta Bass,Atlanta Bass,Miami Bass,Hip Hop,,,,,,,,,,,282
Atmospheric Black Metal,Atmospheric Black Metal,Black Metal,Metal,Rock,,,,,,,,,,283
Atmospheric Drum and Bass,Atmospheric Drum and Bass,EDM,Drum and Bass,Dance,Electronic,,,,,,,,,284
Atmospheric Sludge Metal,Atmospheric Sludge Metal,Sludge Metal,Metal,Rock,,,,,,,,,,285
Avant-Folk,Avant-Folk,Contemporary Folk,Folk,,,,,,,,,,,286
Baggy,Baggy,Alternative Rock,Rock,,,,,,,,,,,287
Balearic Beat,Balearic Beat,EDM,Dance,Electronic,,,,,,,,,,288
Baroque Music,Baroque Music,Western Classical,Classical,European Music,Regional Music,,,,,,,,,289
Bassline,Bassline,UK Garage,EDM,Dance,Electronic,,,,,,,,,290
Bedroom Pop,Bedroom Pop,Indie Pop,Pop,,,,,,,,,,,291
Berlin School,Berlin School,Progressive Electronic,Electronic,,,,,,,,,,,292
Big Beat,Big Beat,Breakbeat,EDM,Dance,Electronic,,,,,,,,,293
Black 'n' Roll,Black 'n' Roll,Black Metal,Metal,Rock,,,,,,,,,,294
Bleep Techno,Bleep Techno,EDM,Techno,Dance,Electronic,,,,,,,,,295
Boom Bap,Boom Bap,Hip Hop,,,,,,,,,,,,296
Bossa nova,Bossa nova,Brazilian Music,Regional Music,,,,,,,,,,,297
Breakcore,Breakcore,Hardcore [EDM],EDM,Dance,Electronic,,,,,,,,,298
British Music,British Music,European Music,Regional Music,,,,,,,,,,,299
British Folk Rock,British F0lk Rock,Folk Rock,Rock,British Music,European Music,Regional Music,,,,,,,,300
Brostep,Brostep,Dubstep,EDM,Dance,Electronic,,,,,,,,,301
Brutal Death Metal,Brutal Death Metal,Death Metal,Metal,Rock,,,,,,,,,,302
Carols,Carols,Holiday Music,Descriptor Genres,,,,,,,,,,,303
Celtic Rock,Celtic Rock,Folk Rock,Rock,European Music,Regional Music,,,,,,,,,304
Central African Music,Central African Music,African Music,Regional Music,,,,,,,,,,,305
Chamber Folk,Chamber Folk,Contemporary Folk,Folk,,,,,,,,,,,306
Chamber Music,Chamber Music,Western Classical,Classical,,,,,,,,,,,307
Chamber Pop,Chamber Pop,Indie Pop,Pop,,,,,,,,,,,308
Chicago Blues,Chicago Blues,Electric Blues,Blues,,,,,,,,,,,309
Chicago House,Chicago House,EDM,House,Dance,Electronic,,,,,,,,,310
Chicago Soul,Chicago Soul,R&B,Soul,,,,,,,,,,,311
Chillstep,Chillstep,Dubstep,EDM,Dance,Electronic,,,,,,,,,312
Chillwave,Chillwave,Indietronica,Electronic,,,,,,,,,,,313
Chiptune,Chiptune,Bit Music,Electronic,,,,,,,,,,,314
City Pop,City Pop,Pop,,,,,,,,,,,,315
Classical Period,Classical Period,Western Classical,Classical,European Music,Regional Music,,,,,,,,,316
Waltz,Waltz,European Music,Regional Music,,,,,,,,,,,317
Comedy Rock,Comedy Rock,Musical Comedy,Comedy,,,,,,,,,,,318
Country Soul,C0untry Soul,R&B,Soul,,,,,,,,,,,319
Crunkcore,Crunkcore,Hip Hop,Crunk,,,,,,,,,,,320
Dancefloor Drum and Bass,Dancefloor Drum and Bass,EDM,Drum and Bass,Dance,Electronic,,,,,,,,,321
Deep Funk,Deep Funk,R&B,Funk,,,,,,,,,,,322
Deep House,Deep House,EDM,House,Dance,Electronic,,,,,,,,,323
Deep Soul,Deep Soul,R&B,Soul,,,,,,,,,,,324
Depressive Black Metal,Depressive Black Metal,Black Metal,Metal,Rock,,,,,,,,,,325
Detroit Techno,Detroit Techno,EDM,Techno,Dance,Electronic,,,,,,,,,326
Dream Pop,Dream P0p,Alternative Rock,Rock,,,,,,,,,,,327
Dream Trance,Dream Trance,EDM,Trance,Dance,Electronic,,,,,,,,,328
Drill and Bass,Drill and Bass,IDM,Electronic,,,,,,,,,,,329
Dutch House,Dutch House,EDM,House,Dance,Electronic,,,,,,,,,330
East African Music,East African Music,African Music,Regional Music,,,,,,,,,,,331
Electric Texas Blues,Electric Texas Blues,Electric Blues,Blues,,,,,,,,,,,332
Electro House,Electro House,EDM,House,Dance,Electronic,,,,,,,,,333
Emo-Pop,Emo-P0p,Punk,Emo,,,,,,,,,,,334
Euro House,Euro House,EDM,House,Dance,Electronic,,,,,,,,,335
Euro-Disco,Euro-Disco,Dance,Disco,,,,,,,,,,,336
Euro-Trance,Euro-Trance,EDM,Trance,Dance,Electronic,,,,,,,,,337
Film Soundtrack,Film Soundtrack,Soundtrack,Descriptor Genres,,,,,,,,,,,338
Folk Baroque,Folk Baroque,Contemporary Folk,Folk,,,,,,,,,,,339
Free Jazz,Free Jazz,Avant-Garde Jazz,Jazz,,,,,,,,,,,340
French House,French House,EDM,House,Dance,Electronic,,,,,,,,,341
Funky House,F–nky House,EDM,House,Dance,Electronic,,,,,,,,,342
Future Garage,Future Garage,UK Garage,EDM,Dance,Electronic,,,,,,,,,343
Future House,Future House,EDM,House,Dance,Electronic,,,,,,,,,344
Gabber,Gabber,Hardcore [EDM],EDM,Dance,Electronic,,,,,,,,,345
Gangsta Rap,Gangsta Rap,Hardcore Hip Hop,Hip Hop,,,,,,,,,,,346
Garage House,Garage House,EDM,House,Dance,Electronic,,,,,,,,,347
Garage Rock Revival,Garage Rock Revival,Garage Rock,Rock,,,,,,,,,,,348
Ghetto House,Ghetto House,EDM,House,Dance,Electronic,,,,,,,,,349
Goa Trance,Goa Trance,EDM,Trance,Dance,Electronic,,,,,,,,,350
Gothic Country,Gothic Country,Alt-Country,Country,Northern American Music,Regional Music,,,,,,,,,351
Grunge,Grunge,Alternative Rock,Rock,,,,,,,,,,,352
Halftime,Halftime,Drum and Bass,EDM,Dance,Electronic,,,,,,,,,353
Hard Bop,Hard Bop,Bebop,Jazz,,,,,,,,,,,354
Hard Trance,Hard Trance,EDM,Trance,Dance,Electronic,,,,,,,,,355
Hardstep,Hardstep,Drum and Bass,EDM,Dance,Electronic,,,,,,,,,356
Harsh Noise,Harsh Noise,Experimental,Noise,,,,,,,,,,,357
Hawaiian Music,Hawaiian Music,Polynesian Music,Regional Music,,,,,,,,,,,358
Hip House,Hip House,EDM,House,Dance,Electronic,,,,,,,,,359
Horrorcore,Horrorcore,Hardcore Hip Hop,Hip Hop,,,,,,,,,,,360
Hypnagogic Pop,Hypnagogic Pop,Neo-Psychedelia,Psych,,,,,,,,,,,361
Ibiza Trance,Ibiza Trance,EDM,Trance,Dance,Electronic,,,,,,,,,362
Impressionism,Impressionism,Western Classical,Classical,,,,,,,,,,,363
Indie Folk,Indie Folk,Contemporary Folk,Folk,,,,,,,,,,,364
Indie Rock,Indie Rock,Alternative Rock,Rock,,,,,,,,,,,365
Industrial Hip Hop,Industrial Hip Hop,Experimental Hip Hop,Hip Hop,,,,,,,,,,,366
Italo House,Italo House,EDM,House,Dance,Electronic,,,,,,,,,367
Jamaican Music,Jamaican Music,Caribbean Music,Regional Music,,,,,,,,,,,368
Japanese Music,Japanese Music,East Asian Music,Regional Music,,,,,,,,,,,369
Jazzstep,J–zzstep,Drum and Bass,EDM,Dance,Electronic,,,,,,,,,370
Jump-Up,Jump-Up,Drum and Bass,EDM,Dance,Electronic,,,,,,,,,371
Jungle,Jungle,Drum and Bass,EDM,Dance,Electronic,,,,,,,,,372
Hispanic American Music,Hispanic American Music,Hispanic Music,Regional Music,,,,,,,,,,,373
Library Music,Library Music,Soundtrack,Descriptor Genres,,,,,,,,,,,374
Liquid Drum and Bass,Liquid Drum and Bass,Drum and Bass,EDM,Dance,Electronic,,,,,,,,,375
Lounge,Lounge,Easy Listening,Pop,,,,,,,,,,,376
Mandopop,Mandopop,C-Pop,Pop,,,,,,,,,,,377
Melodic Death Metal,Melodic Death Metal,Death Metal,Metal,Rock,,,,,,,,,,378
Melodic Dubstep,Melodic Dubstep,EDM,Drum and Bass,Dance,Electronic,,,,,,,,,379
Memphis Rap,Memphis Rap,Hardcore Hip Hop,Hip Hop,,,,,,,,,,,380
Microhouse,Microhouse,EDM,House,Dance,Electronic,,,,,,,,,381
Microtonal,Microtonal,Modern Classical,Classical,,,,,,,,,,,382
Minimal Drum and Bass,Minimal Drum and Bass,EDM,Drum and Bass,Dance,Electronic,,,,,,,,,383
Minimal Synth,Minimal Synth,Minimal Wave,Electronic,,,,,,,,,,,384
Minimal Techno,Minimal Techno,EDM,Techno,Dance,Electronic,,,,,,,,,385
Minimalism,Minimalism,Modern Classical,Classical,,,,,,,,,,,386
Mod Revival,M0d Revival,Rock,Mod,,,,,,,,,,,387
Moombahcore,Moombahcore,Moombahton,EDM,Dance,Electronic,,,,,,,,,388
MPB,MPB,Brazilian Music,Regional Music,,,,,,,,,,,389
Native American Music,Native American Music,Traditional Folk,Folk,,,,,,,,,,,390
Neo-Soul,Neo-Soul,R&B,Soul,,,,,,,,,,,391
Neofolk,Neofolk,Contemporary Folk,Folk,,,,,,,,,,,392
Neue Deutsche Welle,Neue Deutsche Welle,New Wave,Rock,,,,,,,,,,,393
New Jack Swing,New Jack Swing,Contemporary R&B,R&B,,,,,,,,,,,394
Noise Pop,N0ise P0p,Alternative Rock,Indie Rock,Rock,,,,,,,,,,395
North African Music,North African Music,African Music,Regional Music,,,,,,,,,,,396
Northeastern African Music,Northeastern African Music,African Music,Regional Music,,,,,,,,,,,397
Northern Soul,Northern Soul,R&B,Soul,,,,,,,,,,,398
Nu Metal,Nu Metal,Alternative Metal,Metal,Rock,,,,,,,,,,399
NWOBHM,NWOBHM,Heavy Metal,Metal,Rock,,,,,,,,,,400
Onkyo,Onkyo,Reductionism,Experimental,,,,,,,,,,,401
Orchestral,Orchestral,Western Classical,Classical,,,,,,,,,,,402
Outlaw Country,Outlaw Country,Progressive Country,Country,Northern American Music,Regional Music,,,,,,,,,403
P-Funk,P-Funk,R&B,Funk,,,,,,,,,,,404
Pagan Black Metal,Pagan Black Metal,Black Metal,Metal,Rock,,,,,,,,,,405
Philly Soul,Philly Soul,R&B,Soul,,,,,,,,,,,406
Poetry,Poetry,Spoken Word,Descriptor Genres,,,,,,,,,,,407
Pop Punk,P0p Punk,Punk Rock,Punk,,,,,,,,,,,408
Post-Grunge,Post-Gr–nge,Alternative Rock,Rock,,,,,,,,,,,409
Post-Minimalism,Post-M–nimalism,Modern Classical,Classical,,,,,,,,,,,410
Progressive Big Band,Progressive Big Band,Jazz,Big Band,,,,,,,,,,,411
Progressive Folk,Progressive Folk,Contemporary Folk,Folk,,,,,,,,,,,412
Progressive House,Progressive House,EDM,House,Dance,Electronic,,,,,,,,,413
Progressive Trance,Progressive Trance,EDM,Trance,Dance,Electronic,,,,,,,,,414
Psytrance,Psytrance,EDM,Trance,Dance,Electronic,,,,,,,,,415
Punk Blues,Punk Bl–es,Punk Rock,Punk,,,,,,,,,,,416
Purple Sound,Purple Sound,Dubstep,EDM,Dance,Electronic,,,,,,,,,417
Rap Metal,Rap Metal,Alternative Metal,Metal,Rock,,,,,,,,,,418
Riot Grrrl,Riot Grrrl,Punk Rock,Punk,,,,,,,,,,,419
Rockabilly,Rockabilly,Rock & Roll,Rock,,,,,,,,,,,420
Romanticism,Romanticism,Western Classical,Classical,,,,,,,,,,,421
Samba,Samba,Brazilian Music,Regional Music,,,,,,,,,,,422
Sequencer & Tracker,Sequencer & Tracker,Bit Music,Electronic,,,,,,,,,,,423
Shoegaze,Shoegaze,Alternative Rock,Rock,,,,,,,,,,,424
Skiffle,Skiffle,Contemporary Folk,Folk,,,,,,,,,,,425
Smooth Soul,Smooth Soul,R&B,Soul,,,,,,,,,,,426
Sonorism,Sonorism,Modern Classical,Classical,,,,,,,,,,,427
Southern African Music,Southern African Music,African Music,Regional Music,,,,,,,,,,,428
Southern Soul,Southern Soul,R&B,Soul,,,,,,,,,,,429
Space Age Pop,Space Age Pop,Easy Listening,Pop,,,,,,,,,,,430
Spaghetti Western,Spaghetti Western,Modern Classical,Classical,,,,,,,,,,,431
Spanish Music,Spanish Music,Hispanic Music,Regional Music,European Music,,,,,,,,,,432
Speed Garage,Speed Garage,UK Garage,EDM,Dance,Electronic,,,,,,,,,433
Spiritual Jazz,Spiritual Jazz,Avant-Garde Jazz,Jazz,,,,,,,,,,,434
Standards,Standards,Traditional Pop,Pop,,,,,,,,,,,435
Stoner Rock,Stoner Rock,Hard Rock,Rock,,,,,,,,,,,436
Surf Rock,Surf Rock,Surf Music,Rock,,,,,,,,,,,437
Swamp Rock,Swamp Rock,Roots Rock,Rock,,,,,,,,,,,438
Swing Revival,Sw–ng Revival,Jazz,Swing,,,,,,,,,,,439
Symphonic Black Metal,Symphonic Black Metal,Black Metal,Metal,Rock,,,,,,,,,,440
Symphonic Prog,Symphonic Prog,Progressive Rock,Rock,,,,,,,,,,,441
Synth Funk,Synth Funk,R&B,Funk,,,,,,,,,,,442
Tech Trance,Tech Trance,EDM,Trance,Dance,Electronic,,,,,,,,,443
Technical Death Metal,Technical Death Metal,Death Metal,Metal,Rock,,,,,,,,,,444
Techstep,Techstep,Drum and Bass,EDM,Dance,Electronic,,,,,,,,,445
Television Music,Television Music,Soundtrack,Descriptor Genres,,,,,,,,,,,446
Throat Singing,Throat Singing,Traditional Folk,Folk,,,,,,,,,,,447
Traditional Doom Metal,Traditional Doom Metal,Doom Metal,Metal,Rock,,,,,,,,,,448
Tribal House,Tribal House,EDM,House,Dance,Electronic,,,,,,,,,449
Trip Hop,Trip Hop,Downtempo,Electronic,,,,,,,,,,,450
Tropical House,Tropical House,EDM,House,Dance,Electronic,,,,,,,,,451
Trot,Trot,East Asian Music,Regional Music,,,,,,,,,,,452
Twee Pop,Twee Pop,Indie Pop,Pop Rock,Indie Rock,Alternative Rock,Pop,,,,,,,,453
Twerk,Twerk,Trap [EDM],EDM,Dance,Electronic,,,,,,,,,454
UK Funky,UK F–nky,UK Garage,EDM,Dance,Electronic,,,,,,,,,455
UK Hard House,UK Hard House,EDM,House,Dance,Electronic,,,,,,,,,456
Uplifting Trance,Uplifting Trance,EDM,Trance,Dance,Electronic,,,,,,,,,457
Video Game Music,Video Game Music,Soundtrack,Descriptor Genres,,,,,,,,,,,458
Vocal Trance,Vocal Trance,EDM,Trance,Dance,Electronic,,,,,,,,,459
West African Music,West African Music,African Music,Regional Music,,,,,,,,,,,460
Batucada,Batucada,Samba,Brazilian Music,Regional Music,,,,,,,,,,461
Beat Poetry,Beat Poetry,Spoken Word,Poetry,Descriptor Genres,,,,,,,,,,462
Blackgaze,Blackgaze,Atmospheric Black Metal,Black Metal,Metal,Rock,,,,,,,,,463
Bolero,Bolero,Hispanic American Music,Hispanic Music,Regional Music,,,,,,,,,,464
Celtic Folk Music,Celtic Folk Music,European Folk Music,Traditional Folk,Folk,Regional Music,European Music,,,,,,,,465
Complextro,Complextro,Electro House,EDM,House,Dance,Electronic,,,,,,,,466
Cuban Music,Cuban Music,Hispanic American Music,Hispanic Music,Regional Music,Caribbean Music,,,,,,,,,467
Dancehall,Danc3hall,Jamaican Music,Caribbean Music,Regional Music,,,,,,,,,,468
Dark Folk,Dark Folk,Neofolk,Contemporary Folk,Folk,,,,,,,,,,469
Dub Techno,Dub Techno,Minimal Techno,EDM,Techno,Dance,Electronic,,,,,,,,470
Dunedin Sound,Dunedin Sound,Indie Rock,Alternative Rock,Rock,,,,,,,,,,471
English Folk Music,English Folk Music,European Folk Music,Traditional Folk,Folk,Regional Music,British Music,European Music,,,,,,,472
Fanfare,Fanfare,European Folk Music,Traditional Folk,Folk,Regional Music,European Music,,,,,,,,473
Film Score,Film Score,Film Soundtrack,Soundtrack,Descriptor Genres,,,,,,,,,,474
French Folk Music,French Folk Music,European Folk Music,Traditional Folk,Folk,Regional Music,European Music,,,,,,,,475
Future Bounce,Future Bounce,Future House,EDM,House,Dance,Electronic,,,,,,,,476
Ghettotech,Ghettotech,Ghetto House,EDM,House,Dance,Electronic,,,,,,,,477
Gumbe,Gumbe,West African Music,African Music,Regional Music,,,,,,,,,,478
Hands Up,Hands Up,Euro-Trance,EDM,Trance,Dance,Electronic,,,,,,,,479
Highlife,Highlife,West African Music,African Music,Regional Music,,,,,,,,,,480
Inuit Music,Inuit Music,Native American Music,Traditional Folk,Folk,,,,,,,,,,481
Japanese Hardcore Punk,Japanese Hardcore Punk,Punk Rock,Hardcore Punk,Punk,,,,,,,,,,482
Juke,Juke,Ghetto House,EDM,House,Dance,Electronic,,,,,,,,483
Kayōkyoku,Kayōkyoku,Japanese Music,East Asian Music,Regional Music,,,,,,,,,,484
Latin Alternative,Latin Alternative,Hispanic American Music,Hispanic Music,Regional Music,,,,,,,,,,485
Slacker Rock,Slacker Rock,Indie Rock,Alternative Rock,Rock,,,,,,,,,,486
Makossa,Makossa,Central African Music,African Music,Regional Music,,,,,,,,,,487
Mande Music,Mande Music,West African Music,African Music,Regional Music,,,,,,,,,,488
Melbourne Bounce,Melbourne B0unce,Electro House,EDM,House,Dance,Electronic,,,,,,,,489
Mexican Music,Mexican Music,Hispanic American Music,Hispanic Music,Regional Music,,,,,,,,,,490
Noisecore,N0isecore,Hardcore Punk,Punk Rock,Rock,Punk,Hardcore [Punk],,,,,,,,491
Nu Style Gabber,Nu Style Gabber,Hardcore [EDM],Gabber,EDM,Dance,Electronic,,,,,,,,492
Nyahbinghi,Nyahbinghi,Jamaican Music,Caribbean Music,Regional Music,,,,,,,,,,493
Outsider House,Outsider House,EDM,House,Dance,Electronic,,,,,,,,,494
Powerviolence,Powerviolence,Hardcore Punk,Punk Rock,Rock,Punk,Hardcore [Punk],,,,,,,,495
Ragga Jungle,R@gga Jungle,Drum and Bass,EDM,Jungle,Dance,Electronic,,,,,,,,496
Reggae,Reggae,Jamaican Music,Caribbean Music,Regional Music,,,,,,,,,,497
Reggaetón,R3ggaetón,Hispanic American Music,Hispanic Music,Regional Music,,,,,,,,,,498
Rocksteady,R0cksteady,Jamaican Music,Caribbean Music,Regional Music,,,,,,,,,,499
Samba de roda,Samba de roda,Brazilian Music,Samba,Regional Music,,,,,,,,,,500
Samba-canção,Samba-canção,Brazilian Music,Samba,Regional Music,,,,,,,,,,501
Samba-Rock,Samba-R0ck,Brazilian Music,Samba,Regional Music,,,,,,,,,,502
Slowcore,Slowcore,Indie Rock,Alternative Rock,Rock,,,,,,,,,,503
Symphony,Symphony,Orchestral,Western Classical,Classical,,,,,,,,,,504
Tizita,Tizita,Northeastern African Music,African Music,Regional Music,,,,,,,,,,505
Tone Poem,Tone Poem,Orchestral,Western Classical,Classical,,,,,,,,,,506
Tropicália,Tropicália,MPB,Brazilian Music,Regional Music,,,,,,,,,,507
Visual kei,Visual kei,Japanese Music,East Asian Music,Regional Music,,,,,,,,,,508
Wolof Music,Wolof Music,West African Music,African Music,Regional Music,,,,,,,,,,509
Yoruba Music,Yoruba Music,West African Music,African Music,Regional Music,,,,,,,,,,510
Brass Band,Brass Band,Fanfare,European Folk Music,Traditional Folk,Folk,,,,,,,,,511
Breton Folk Music,Breton Folk Music,French Folk Music,European Folk Music,Traditional Folk,Folk,Regional Music,European Music,,,,,,,512
Dub,D–b,Jamaican Music,Caribbean Music,Reggae,Regional Music,,,,,,,,,513
Footwork,Footwork,EDM,House,Dance,Electronic,,,,,,,,,514
Irish Folk Music,Irish Folk Music,Celtic Folk Music,European Folk Music,Traditional Folk,Folk,Regional Music,European Music,,,,,,,515
Lovers Rock,Lovers R0ck,Reggae,Jamaican Music,Caribbean Music,Regional Music,,,,,,,,,516
Neoperreo,Neoperreo,Reggaetón,Hispanic American Music,Hispanic Music,Regional Music,,,,,,,,,517
Pop Reggae,P0p Reggae,Jamaican Music,Caribbean Music,Reggae,Regional Music,,,,,,,,,518
Ragga,Ragga,Dancehall,Jamaican Music,Caribbean Music,Regional Music,,,,,,,,,519
Roots Reggae,Roots Reggae,Jamaican Music,Caribbean Music,Reggae,Regional Music,,,,,,,,,520
Son Cubano,Son Cubano,Cuban Music,Hispanic American Music,Hispanic Music,Regional Music,Caribbean Music,,,,,,,,521
Tassu,Tassu,Wolof Music,West African Music,African Music,Regional Music,,,,,,,,,522
Trova,Trova,Cuban Music,Hispanic American Music,Hispanic Music,Regional Music,Caribbean Music,,,,,,,,523
Acid Rock,Acid Rock,Psychedelic Rock,Psych,Rock,Rock,,,,,,,,,524
Afro-Funk,Afro-Funk,R&B,Funk,West African Music,African Music,Regional Music,,,,,,,,525
Afro-Rock,Afro-Rock,Rock,West African Music,African Music,Regional Music,,,,,,,,,526
Afrobeat,Afrobeat,Funk,R&B,Yoruba Music,West African Music,African Music,Regional Music,,,,,,,527
Alternative Dance,Alternative Dance,Alternative Rock,Dance,Rock,Rock,,,,,,,,,528
Amapiano,Amapiano,House,EDM,Southern African Music,African Music,Regional Music,Dance,Electronic,,,,,,529
Ambient Dub,Ambient Dub,Electronic,Ambient,,,,,,,,,,,530
American Folk Music,American Folk Music,Traditional Folk,Folk,Regional Music,Folk,,,,,,,,,531
Andalusian Rock,Andalusian Rock,Progressive Rock,Folk Rock,Spanish Music,Hispanic Music,Rock,Regional Music,,,,,,,532
Appalachian Folk Music,Appalachian Folk Music,American Folk Music,Traditional Folk,Folk,Regional Music,,,,,,,,,533
Avant-Prog,Avant-Prog,Experimental Rock,Progressive Rock,Rock,,,,,,,,,,534
Baltimore Club,Baltimore Club,Breakbeat,House,EDM,Dance,Electronic,,,,,,,,535
Beat Music,Beat Music,Pop Rock,Pop,Rock,,,,,,,,,,536
Big Room,Big Room,Progressive House,Electro House,EDM,House,Dance,Electronic,,,,,,,537
Bitpop,Bitpop,Electronic,Pop,,,,,,,,,,,538
Bolero son,Bolero son,Son Cubano,Cuban Music,Hispanic American Music,Hispanic Music,Regional Music,Caribbean Music,Bolero,,,,,,539
Boogie,Boogie,Disco,R&B,Dance,,,,,,,,,,540
Breakbeat Hardcore,Breakbeat Hardcore,Breakbeat,Hardcore [EDM],EDM,Dance,Electronic,,,,,,,,541
British Dance Band,British Danc3 Band,Jazz,Traditional Pop,Pop,British Music,European Music,Regional Music,,,,,,,542
British Rhythm & Blues,British Rhythm & Bl–es,R&B,Rock,Rhythm & Blues,,,,,,,,,,543
Britpop,Britpop,Pop Rock,Alternative Rock,Pop,Rock,Pop,,,,,,,,544
Brutal Prog,Brutal Prog,Experimental Rock,Progressive Rock,Rock,,,,,,,,,,545
Bubblegum Dance,Bubblegum Dance,Eurodance,EDM,Dance-Pop,Pop,Dance,Electronic,,,,,,,546
C86,C86,Indie Pop,Indie Rock,Alternative Rock,Pop,Rock,Pop,,,,,,,547
Caribbean Folk Music,Caribbean Folk Music,Caribbean Music,Traditional Folk,Folk,Regional Music,Folk,,,,,,,,548
Chanson à texte,Chanson à texte,Singer-Songwriter,Chanson,Regional Music,European Music,,,,,,,,,549
Christmas Music,Christmas Music,Holiday Music,Descriptor Genres,,,,,,,,,,,550
Comedy Rap,Comedy Rap,Musical Comedy,Hip Hop,Comedy,,,,,,,,,,551
Country Blues,C0untry Blues,American Folk Music,Traditional Folk,Acoustic Blues,Blues,Folk,Regional Music,,,,,,,552
Country Pop,Country Pop,Country,Pop,Northern American Music,Regional Music,,,,,,,,,553
Bro-Country,Bro-Country,Country Pop,Country,Pop,Northern American Music,Regional Music,,,,,,,,554
Country Rap,Country Rap,,,,,,,,,,,,,555
Cowpunk,Cowpunk,Punk Rock,Country Rock,Punk,Rock,,,,,,,,,556
Dabke,Dabke,Arabic Music,West Asian Music,Regional Music,,,,,,,,,,557
Afrobeats,Afr0beats,Dance-Pop,Pop,,,,,,,,,,,558
Dance-Punk,Danc3-Punk,Post-Punk,Punk,,,,,,,,,,,559
Dark Ambient,Dark Ambient,Post-Industrial,Ambient,Industrial Music,,,,,,,,,,560
Darkside Hardcore,Darkside Hardcore,Breakbeat Hardcore,Breakbeat,Hardcore [EDM],EDM,Dance,Electronic,,,,,,,561
Deconstructed Club,Deconstructed Club,EDM,Post-Industrial,Industrial Music,Dance,Electronic,,,,,,,,562
Delta Blues,Delta Blues,Country Blues,American Folk Music,Traditional Folk,Acoustic Blues,Blues,Regional Music,,,,,,,563
Digital Dancehall,Digital Danc3hall,Reggae,Jamaican Music,Caribbean Music,Dancehall,Regional Music,,,,,,,,564
Digital Hardcore,Digital Hardcore,Punk,Hardcore [EDM],EDM,Dance,Electronic,,,,,,,,565
Drill,Dr–ll,Trap,Hip Hop,,,,,,,,,,,566
Bop,B0p,Pop Rap,Drill,Gangsta Rap,Hardcore Hip Hop,Trap,Hip Hop,,,,,,,567
Drumstep,Drumstep,Drum and Bass,Brostep,Dubstep,EDM,Dance,Electronic,,,,,,,568
EBM,EBM,EDM,Post-Industrial,Industrial Music,Dance,Electronic,,,,,,,,569
Electro Swing,Electro Swing,Nu Jazz,EDM,Electronic,Dance,Electronic,,,,,,,,570
Electro-Disco,Electro-Disco,EDM,Dance,Disco,Electronic,,,,,,,,,571
Electro-Industrial,Electro-Industrial,Post-Industrial,Electronic,Industrial Music,,,,,,,,,,572
Electroacoustic,Electroacoustic,Electronic,Experimental,,,,,,,,,,,573
Electropop,Electropop,Electronic,Pop,,,,,,,,,,,574
Emocore,Emocore,Post-Hardcore,Punk,Hardcore [Punk],Rock,Emo,,,,,,,,575
Entechna,Entechna,Balkan Music,Regional Music,European Music,Greek Music,,,,,,,,,576
Experimental Big Band,Exp–rimental Big Band,Avant-Garde Jazz,Big Band,Jazz,,,,,,,,,,577
Flamenco Pop,Fl–menco Pop,Spanish Music,Hispanic Music,Regional Music,European Music,Pop,,,,,,,,578
Folk Pop,Folk Pop,Contemporary Folk,Folk,Pop,,,,,,,,,,579
Freak Folk,Freak Folk,Psychedelic Folk,Contemporary Folk,Folk,Psych,,,,,,,,,580
Freakbeat,Freakbeat,Beat Music,Pop Rock,Garage Rock,Pop,Rock,,,,,,,,581
Free Folk,Free Folk,Psychedelic Folk,Contemporary Folk,Folk,Psych,,,,,,,,,582
Freestyle,Freestyle,EDM,Dance-Pop,Pop,Dance,Electronic,,,,,,,,583
Futurepop,Futurepop,Synthpop,EBM,EDM,Post-Industrial,Electronic,Industrial Music,Pop,Dance,Electronic,,,,584
Garage Punk,Garage Punk,Garage Rock,Punk Rock,Punk,Rock,,,,,,,,,585
Glitch,Gl–tch,Electronic,Experimental,,,,,,,,,,,586
Glitch Pop,Glitch Pop,Electronic,Pop,Indietronica,,,,,,,,,,587
Gospel,Gospel,American Folk Music,Traditional Folk,Folk,Regional Music,,,,,,,,,588
Gothic Rock,Gothic Rock,Post-Punk,Rock,Punk,,,,,,,,,,589
Halloween Music,Halloween Music,Holiday Music,Descriptor Genres,,,,,,,,,,,590
Hardcore Breaks,Hardcore Breaks,Breakbeat Hardcore,Breakbeat,Hardcore [EDM],EDM,Dance,Electronic,,,,,,,591
Heavy Psych,Heavy Psych,Hard Rock,Psychedelic Rock,Psych,Rock,,,,,,,,,592
Hi-NRG,Hi-NRG,Electro-Disco,EDM,Dance,Disco,Electronic,,,,,,,,593
Hiplife,Hiplife,Highlife,West African Music,Hip Hop,African Music,Regional Music,,,,,,,,594
Hyperpop,Hyperpop,Electronic,Pop,,,,,,,,,,,595
Indeterminacy,Indeterminacy,Experimental,Modern Classical,Classical,,,,,,,,,,596
Indian Pop,Indian Pop,South Asian Music,Pop,Regional Music,,,,,,,,,,597
Industrial,Ind–strial,Industrial Music,Experimental,,,,,,,,,,,598
Industrial Metal,Industrial Metal,Post-Industrial,Metal,Industrial Music,Rock,,,,,,,,,599
Industrial Rock,Industrial Rock,Post-Industrial,Industrial Music,Rock,,,,,,,,,,600
Industrial Techno,Industrial Techno,Post-Industrial,EDM,Techno,Industrial Music,Dance,Electronic,,,,,,,601
Italo Dance,Italo Dance,Eurodance,EDM,Dance-Pop,Pop,Dance,Electronic,,,,,,,602
Italo-Disco,Italo-Disco,Electro-Disco,EDM,Dance,Disco,Dance,Electronic,,,,,,,603
Eurobeat,Eurobeat,Italo-Disco,Electro-Disco,EDM,Dance,Disco,Electronic,,,,,,,604
Jamaican Ska,Jamaican Ska,Jamaican Music,Caribbean Music,Ska,Regional Music,,,,,,,,,605
Jangle Pop,Jangle Pop,Pop Rock,Alternative Rock,Pop,Rock,,,,,,,,,606
Jazz Poetry,Jazz Poetry,Spoken Word,Poetry,Jazz,Descriptor Genres,,,,,,,,,607
Jazz-Funk,Jazz-Funk,R&B,Funk,Jazz,,,,,,,,,,608
Junkanoo,Junkanoo,Caribbean Folk Music,Caribbean Music,Traditional Folk,Folk,Regional Music,,,,,,,,609
Krautrock,Krautrock,Progressive Rock,Experimental Rock,Rock,,,,,,,,,,610
Kwaito,Kwaito,House,EDM,Southern African Music,African Music,Regional Music,Dance,Electronic,,,,,,611
Latin Disco,Latin Disco,Dance,Hispanic American Music,Hispanic Music,Regional Music,Disco,,,,,,,,612
Latin Electronic,Latin Electronic,Hispanic American Music,Hispanic Music,Regional Music,Electronic,,,,,,,,,613
Latin Funk,Latin Funk,R&B,Hispanic American Music,Hispanic Music,Regional Music,Funk,,,,,,,,614
Latin Jazz,Latin Jazz,Hispanic American Music,Hispanic Music,Regional Music,Jazz,,,,,,,,,615
Afro-Cuban Jazz,Afro-Cuban Jazz,Latin Jazz,Hispanic American Music,Hispanic Music,Jazz,Regional Music,,,,,,,,616
Latin Pop,Latin Pop,Hispanic American Music,Hispanic Music,Regional Music,Pop,,,,,,,,,617
Latin Rock,Latin Rock,Hispanic American Music,Hispanic Music,Regional Music,Rock,,,,,,,,,618
Merseybeat,Merseybeat,Beat Music,Pop Rock,Pop,Rock,,,,,,,,,619
Metalcore,Metalcore,Hardcore Punk,Punk Rock,Rock,Punk,Hardcore [Punk],Metal,Rock,,,,,,620
Mathcore,Mathcore,Metalcore,Hardcore Punk,Punk Rock,Rock,Punk,Hardcore [Punk],Metal,Rock,,,,,621
Hispanic American Folk Music,Hispanic American Folk Music,Traditional Folk,Folk,Regional Music,Hispanic American Music,Hispanic Music,,,,,,,,622
Mexican Folk Music,Mexican Folk Music,Traditional Folk,Folk,Regional Music,Mexican Music,Hispanic American Music,Hispanic Music,Hispanic American Folk Music,,,,,,623
Microsound,Microsound,Sound Collage,Experimental,Electronic,,,,,,,,,,624
Midwest Emo,Midwest Emo,Indie Rock,Alternative Rock,Punk,Emo,Rock,,,,,,,,625
Motown Sound,Motown Sound,Pop Soul,R&B,Soul,Pop,,,,,,,,,626
Murga,Murga,Hispanic Music,Musical Theatre,Regional Music,Regional Music,,,,,,,,,627
Musique concrète,Musique concrète,Electroacoustic,Electronic,Experimental,,,,,,,,,,628
Nashville Sound,Nashville Sound,Country Pop,Country,Pop,Northern American Music,Regional Music,,,,,,,,629
Nederbeat,Nederbeat,Beat Music,Pop Rock,Pop,Rock,,,,,,,,,630
New Romantic,New Romantic,New Wave,Rock,Pop,,,,,,,,,,631
No Wave,No Wave,Post-Punk,Experimental Rock,Rock,Punk,,,,,,,,,632
Nu-Disco,Nu-Disco,EDM,Dance,Disco,Electronic,,,,,,,,,633
Future Funk,Future F–nk,Vapor,House,EDM,Electronic,Dance,Electronic,,,,,,,634
Nueva canción,Nueva canción,Contemporary Folk,Folk,Singer-Songwriter,Hispanic Music,Regional Music,,,,,,,,635
Nueva canción española,Nueva canción española,Contemporary Folk,Folk,Singer-Songwriter,Spanish Music,Hispanic Music,Regional Music,European Music,Nueva canción,,,,,636
Nueva canción latinoamericana,Nueva canción latinoam–ricana,Contemporary Folk,Folk,Singer-Songwriter,Hispanic American Music,Hispanic Music,Regional Music,Nueva canción,,,,,,637
Nueva trova,Nueva trova,Nueva canción latinoamericana,Contemporary Folk,Folk,Singer-Songwriter,Hispanic American Music,Hispanic Music,Regional Music,Nueva canción,Trova,Cuban Music,Caribbean Music,,638
Piano Rock,Piano Rock,Pop Rock,Pop,Rock,,,,,,,,,,639
Piedmont Blues,Pi3dmont Blues,Country Blues,American Folk Music,Traditional Folk,Acoustic Blues,Blues,Regional Music,,,,,,,640
Pop Raï,Pop Raï,Arabic Music,North African Music,African Music,Pop,Regional Music,,,,,,,,641
Post-Punk Revival,Post-Punk Revival,Indie Rock,Alternative Rock,Post-Punk,Punk,Rock,,,,,,,,642
Power Electronics,Power Electronics,Industrial,Industrial Music,Experimental,,,,,,,,,,643
Death Industrial,Death Ind–strial,Power Electronics,Industrial,Industrial Music,Experimental,Experimental,,,,,,,,644
Power Pop,Power Pop,Pop Rock,Pop,Rock,,,,,,,,,,645
Progressive Breaks,Progressive Breaks,Progressive House,Breakbeat,EDM,House,Dance,Electronic,,,,,,,646
Psychedelic Pop,Psychedelic Pop,Pop,Psych,,,,,,,,,,,647
Psychedelic Soul,Psychedelic Soul,R&B,Psych,Soul,,,,,,,,,,648
Psychobilly,Psychobilly,Rockabilly,Rock & Roll,Punk Rock,Punk,Rock,,,,,,,,649
Folk Punk,F0lk Punk,Punk Rock,Punk,,,,,,,,,,,650
Celtic Punk,Celtic Punk,Folk Punk,Punk Rock,Rock,Punk,,,,,,,,,651
Gypsy Punk,Gypsy Punk,Folk Punk,Punk Rock,Punk,,,,,,,,,,652
Horror Punk,Horror Punk,Punk Rock,Punk,,,,,,,,,,,653
Ragtime,Ragtime,American Folk Music,Traditional Folk,Folk,Regional Music,,,,,,,,,654
Rock Opera,Rock 0pera,Rock,Descriptor Genres,,,,,,,,,,,655
Romanian Popcorn,Romanian Popcorn,EDM,Dance-Pop,Pop,Dance,Electronic,,,,,,,,656
Samba Soul,Samba Soul,R&B,Brazilian Music,Samba,Soul,Regional Music,,,,,,,,657
Screamo,Screamo,Emo,Punk,Post-Hardcore,Hardcore [Punk],Rock,,,,,,,,658
Emoviolence,Emoviolence,Powerviolence,Hardcore Punk,Punk Rock,Rock,Punk,Hardcore [Punk],Screamo,Emo,Post-Hardcore,,,,659
Singeli,Singeli,EDM,East African Music,African Music,Regional Music,Dance,Electronic,,,,,,,660
Ska Punk,Ska Punk,Third Wave Ska,Punk Rock,Punk,Ska,,,,,,,,,661
Soft Rock,Soft Rock,Pop Rock,Pop,Rock,Pop,,,,,,,,,662
South Asian Classical Music,South Asian Classical Music,South Asian Music,Classical,Regional Music,,,,,,,,,,663
Hindustani Classical Music,Hindustani Classical Music,South Asian Classical Music,South Asian Music,Classical,Regional Music,,,,,,,,,664
Southeast Asian Folk Music,Southeast Asian Folk Music,Traditional Folk,Southeast Asian Music,Folk,Regional Music,,,,,,,,,665
Space Disco,Space Disco,Electro-Disco,EDM,Dance,Disco,Electronic,,,,,,,,666
Space Rock,Space Rock,Psychedelic Rock,Psych,Rock,,,,,,,,,,667
Spanish Folk Music,Spanish Folk Music,Traditional Folk,Folk,Regional Music,European Folk Music,European Music,Spanish Music,Hispanic Music,,,,,,668
Spirituals,Spirituals,American Folk Music,Traditional Folk,Folk,Regional Music,,,,,,,,,669
Surf Punk,Surf Punk,Punk Rock,Surf Music,Rock,Punk,,,,,,,,,670
Synth Punk,Synth Punk,Electronic,Punk,,,,,,,,,,,671
Tech House,Tech House,EDM,House,Dance,Electronic,,,,,,,,,672
Traditional Black Gospel,Traditional Black Gospel,American Folk Music,Traditional Folk,Gospel,Folk,Regional Music,,,,,,,,673
Traditional Country,Traditional Country,American Folk Music,Traditional Folk,Folk,Country,Northern American Music,Regional Music,,,,,,,674
Country Boogie,Country B00gie,Traditional Country,American Folk Music,Traditional Folk,Folk,Country,Northern American Music,Regional Music,,,,,,675
Country Gospel,Country Gospel,Traditional Country,American Folk Music,Traditional Folk,Gospel,Folk,Country,Northern American Music,Regional Music,,,,,676
Close Harmony,Close Harmony,Traditional Country,American Folk Music,Traditional Folk,Folk,Country,Northern American Music,Regional Music,,,,,,677
Cowboy,Cowboy,Traditional Country,American Folk Music,Traditional Folk,Folk,Country,Regional Music,,,,,,,678
Acoustic Texas Blues,Acoustic Texas Blues,Country Blues,American Folk Music,Traditional Folk,Acoustic Blues,Folk,Blues,Regional Music,,,,,,679
Molam,Molam,Traditional Folk,Southeast Asian Folk Music,Southeast Asian Music,Folk,Regional Music,,,,,,,,680
Trap Metal,Trap M3tal,Trap,Hardcore Hip Hop,Hip Hop,,,,,,,,,,681
UK Drill,UK Dr–ll,Gangsta Rap,Hardcore Hip Hop,Trap,Drill,Hip Hop,,,,,,,,682
Flamenco,Flamenco,Traditional Folk,Folk,Regional Music,Spanish Folk Music,European Folk Music,Spanish Music,Hispanic Music,European Music,,,,,683
Flamenco nuevo,Flamenco nuevo,Traditional Folk,Folk,Regional Music,Spanish Folk Music,European Folk Music,Spanish Music,Hispanic Music,European Music,Flamenco,,,,684
Vocal Surf,Vocal Surf,Pop Rock,Surf Music,Pop,Rock,,,,,,,,,685
Yacht Rock,Yacht Rock,Soft Rock,Pop Rock,Pop,Rock,,,,,,,,,686
Work Songs,Work Songs,Traditional Folk,Folk,Regional Music,,,,,,,,,,687
Boogie Woogie,B00gie Woogie,Northern American Music,Regional Music,,,,,,,,,,,688
Armenian Music,Armenian Music,West Asian Music,Regional Music,,,,,,,,,,,689
Skate Punk,Sk–te Punk,Punk Rock,Rock,Punk,,,,,,,,,,690
Countrypolitan,Countrypolitan,Nashville Sound,Country Pop,Country,Pop,Northern American Music,Regional Music,,,,,,,691
Idol kayō,Idol kayō,Kayōkyoku,Japanese Music,East Asian Music,Regional Music,,,,,,,,,692
Chipmunk Soul,Chipmunk S0ul,Hip Hop,,,,,,,,,,,,693
Latin Soul,Latin Soul,Soul,R&B,Hispanic American Music,Hispanic Music,Regional Music,,,,,,,,694
Plugg,Plugg,Trap,Hip Hop,,,,,,,,,,,695
PluggnB,PluggnB,Plugg,Trap,Hip Hop,,,,,,,,,,696
Festival Progressive House,Festival Pr0gressive House,House,EDM,Dance,Electronic,,,,,,,,,697
Utopian Virtual,Utopian Virtual,Vapor,Electronic,,,,,,,,,,,698
Britfunk,Britfunk,Funk,R&B,,,,,,,,,,,699
Epic Music,Epic Music,Cinematic Classical,Classical,,,,,,,,,,,700
Brazilian Bass,Brazilian Bass,House,EDM,Dance,Electronic,,,,,,,,,701
Slap House,Slap House,Brazilian Bass,House,EDM,Dance,Electronic,,,,,,,,702
Flamenco Jazz,Flamenco Jazz,Jazz,Flamenco nuevo,Traditional Folk,Folk,Regional Music,Spanish Folk Music,European Folk Music,European Music,Spanish Music,Hispanic Music,Flamenco,,703
Power Noise,Power Noise,Noise,Experimental,Post-Industrial,Industrial Music,,,,,,,,,704
Medieval Classical Music,Medieval Classical Music,Western Classical,Classical,European Music,Regional Music,,,,,,,,,705
Christian Liturgical Music,Christian Liturgical Music,Regional Music,,,,,,,,,,,,706
Plainsong,Plainsong,Medieval Classical Music,Western Classical,Classical,European Music,Regional Music,Christian Liturgical Music,,,,,,,707
Gregorian Chant,Gregorian Chant,Plainsong,Medieval Classical Music,Western Classical,Classical,European Music,Regional Music,Christian Liturgical Music,,,,,,708
Latin House,Latin House,House,EDM,Dance,Electronic,,,,,,,,,709
Truck Driving Country,Truck Driving Country,Honky Tonk,Country,Northern American Music,Regional Music,,,,,,,,,710
Bakersfield Sound,Bakersfield Sound,Honky Tonk,Country,Northern American Music,Regional Music,,,,,,,,,711
Afro-Jazz,Afro-Jazz,Jazz,African Music,Regional Music,,,,,,,,,,712
New Rave,New Rave,Alternative Dance,Alternative Rock,Rock,Dance,Indie Rock,,,,,,,,713
J-Rock,J-Rock,Alternative Rock,Rock,,,,,,,,,,,714
Happy Hardcore,Happy Hardcore,Hardcore [EDM],EDM,Dance,Electronic,,,,,,,,,715
Hard Dance,Hard Dance,EDM,Dance,Electronic,,,,,,,,,,716
UK Hardcore,UK Hardcore,Happy Hardcore,Hardcore [EDM],EDM,Hard Dance,Dance,Electronic,,,,,,,717
Brazilian Classical Music,Brazilian Classical Music,Brazilian Music,Regional Music,Western Classical,Classical,,,,,,,,,718
Flashcore,Flashcore,Electronic,,,,,,,,,,,,719
Tropical Rock,Tropical Rock,Soft Rock,Pop Rock,Pop,Rock,,,,,,,,,720
Classical Crossover,Cl–ssical Crossover,Pop,,,,,,,,,,,,721
Drumless,Drumless,Hip Hop,,,,,,,,,,,,722
Glam Metal,Glam M3tal,Hard Rock,Rock,,,,,,,,,,,723
Classical March,Classical March,Western Classical,Classical,,,,,,,,,,,724
Modern Creative,Modern Creative,Experimental,,,,,,,,,,,,725
Chopped and Screwed,Chopped and Screwed,Hip Hop,,,,,,,,,,,,726
New Music,New Music,Pop,,,,,,,,,,,,727
Salsa,Salsa,Hispanic American Music,Hispanic Music,Regional Music,,,,,,,,,,728
Salsa dura,Salsa dura,Salsa,Hispanic American Music,Hispanic Music,Regional Music,,,,,,,,,729
Descarga,Descarga,Cuban Music,Hispanic American Music,Hispanic Music,Regional Music,Caribbean Music,,,,,,,,730
Zolo,Zolo,Rock,,,,,,,,,,,,731
Marabi,Marabi,Southern African Music,African Music,Regional Music,Jazz,,,,,,,,,732
Louisiana Music,Louisiana Music,Northern American Music,Regional Music,,,,,,,,,,,733
Mbaqanga,Mbaqanga,Marabi,Southern African Music,African Music,Regional Music,Jazz,,,,,,,,734
Zydeco,Zydeco,Louisiana Music,Northern American Music,Regional Music,,,,,,,,,,735
Korean Ballad,Korean Ballad,Pop,,,,,,,,,,,,736
Rage,R@ge,Trap,Hip Hop,,,,,,,,,,,737
Witch House,Witch H0use,Electronic,,,,,,,,,,,,738
Tread,Tread,Trap,Hip Hop,,,,,,,,,,,739
Vanguarda paulista,Vanguarda paulista,Brazilian Music,Regional Music,,,,,,,,,,,740
Bluegrass,Bluegrass,Country,Northern American Music,Regional Music,,,,,,,,,,741
Hip Hop Soul,Hip H0p S0ul,Contemporary R&B,R&B,,,,,,,,,,,742
Soukous,Soukous,Central African Music,African Music,Regional Music,,,,,,,,,,743
Fon Music,Fon Music,West African Music,African Music,Regional Music,,,,,,,,,,744
Spanish Classical Music,Spanish Classical Music,Spanish Music,Hispanic Music,Regional Music,European Music,Western Classical,Classical,,,,,,,745
Horror Synth,Horror Synth,Electronic,,,,,,,,,,,,746
Big Music,Big Music,Pop Rock,Pop,Rock,,,,,,,,,,747
Deep Tech,Deep Tech,Tech House,House,EDM,Dance,Electronic,,,,,,,,748
Spy Music,Spy Music,Jazz,Cinematic Classical,Classical,,,,,,,,,,749
Post-Britpop,Post-Britp0p,Alternative Rock,Rock,Pop Rock,Pop,,,,,,,,,750
French Electro,French Electro,Electro House,EDM,House,Dance,Electronic,,,,,,,,751
Ballroom,Ballroom,House,EDM,Dance,Electronic,,,,,,,,,752
Diva House,Diva House,House,EDM,Dance,Electronic,,,,,,,,,753
Ambient Americana,Ambient Am–ricana,Ambient,Northern American Music,Regional Music,,,,,,,,,,754
Math Pop,Math P0p,Indie Rock,Alternative Rock,Rock,Math Rock,,,,,,,,,755
Akishibu-kei,Akishibu-kei,Shibuya-kei,Pop,J-Pop,,,,,,,,,,756
Lo-Fi House,Lo-Fi House,Outsider House,EDM,House,Dance,Electronic,,,,,,,,757
Funk brasileiro,F–nk brasileiro,Brazilian Music,Regional Music,,,,,,,,,,,758
Funk mandelão,F–nk mandelão,Brazilian Music,Regional Music,Funk brasileiro,,,,,,,,,,759
Melodic Black Metal,Melodic Black Metal,Black Metal,Metal,Rock,,,,,,,,,,760
Easycore,Easycore,Pop Punk,Punk Rock,Rock,Punk,Hardcore [Punk],,,,,,,,761
Grebo,Grebo,Alternative Dance,Alternative Rock,Rock,Dance,,,,,,,,,762
Deathcore,Deathcore,Metalcore,Hardcore Punk,Punk Rock,Rock,Punk,Hardcore [Punk],Metal,Rock,,,,,763
Hybrid Trap,Hybrid Trap,Trap [EDM],EDM,Dance,Electronic,,,,,,,,,764
Yakousei,Yakousei,J-Rock,Alternative Rock,Rock,,,,,,,,,,765
Breakstep,Breakstep,UK Garage,EDM,Dance,Electronic,,,,,,,,,766
Dembow,Dembow,Hispanic American Music,Hispanic Music,Regional Music,Caribbean Music,,,,,,,,,767
Merengue,Merengue,Hispanic American Music,Hispanic Music,Regional Music,Caribbean Music,,,,,,,,,768
Mambo urbano,Mambo urbano,Merengue,Hispanic American Music,Hispanic Music,Regional Music,Caribbean Music,,,,,,,,769
Opera,Opera,Western Classical,Classical,,,,,,,,,,,770
Trancecore,Tr–ncecore,Hardcore [Punk],Punk,Rock,,,,,,,,,,771
Neo-Acoustic,Neo-Acoustic,Indie Pop,Pop,Jangle Pop,Pop Rock,Rock,Alternative Rock,,,,,,,772
Ballet,Ballet,Western Classical,Classical,,,,,,,,,,,773
Totalism,Totalism,Post-Minimalism,Modern Classical,Classical,,,,,,,,,,774
Hardbag,Hardbag,Diva House,House,EDM,Euro House,Dance,Electronic,,,,,,,775
Rumba flamenca,Rumba flamenca,Flamenco,Traditional Folk,Folk,Regional Music,Spanish Folk Music,European Folk Music,Spanish Music,Hispanic Music,European Music,,,,776
Rock andaluz,Rock andaluz,Rock,Spanish Music,Hispanic Music,Regional Music,European Music,,,,,,,,777
Music Hall,Music Hall,Musical Theatre,British Music,European Music,Regional Music,,,,,,,,,778
Nouvelle chanson française,Nouvelle chanson française,Chanson,Regional Music,European Music,,,,,,,,,,779
White Voice,White Voice,European Folk Music,Traditional Folk,Folk,Regional Music,European Music,,,,,,,,781
Occitan Folk Music,Occitan Folk Music,French Folk Music,European Folk Music,Traditional Folk,Folk,Regional Music,European Music,,,,,,,782
Auvergnat Folk Music,Auvergnat Folk Music,Occitan Folk Music,French Folk Music,European Folk Music,Traditional Folk,Folk,Regional Music,European Music,,,,,,783
Dreampunk,Dreamp–nk,Vapor,Electronic,,,,,,,,,,,784
Slushwave,Slushwave,Vaporwave,Electronic,Vapor,,,,,,,,,,785
Queercore,Queercore,Rock,Punk,,,,,,,,,,,786
Indie Surf,Indie Surf,Indie Rock,Alternative Rock,Rock,Surf Music,,,,,,,,,787
Go-Go,Go-Go,Funk,R&B,,,,,,,,,,,788
Samba-jazz,S@mba-jazz,Jazz,Brazilian Music,Regional Music,,,,,,,,,,789
Funk proibidão,F–nk proibidão,Funk brasileiro,Brazilian Music,Regional Music,,,,,,,,,,790
Cyber Metal,Cyber Metal,Industrial Metal,Post-Industrial,Industrial Music,Rock,,,,,,,,,791
Western,Western,Country,Northern American Music,Regional Music,,,,,,,,,,792
Old-Time,Old-Time,Appalachian Folk Music,American Folk Music,Traditional Folk,Folk,Regional Music,,,,,,,,793
Swancore,Swancore,Post-Hardcore,Punk,Hardcore [Punk],Rock,,,,,,,,,794
Epic Doom Metal,Epic Doom Metal,Traditional Doom Metal,Doom Metal,Metal,Rock,,,,,,,,,795
US Power Metal,US P0wer Metal,Heavy Metal,Metal,Rock,,,,,,,,,,796
Technical Thrash Metal,Technical Thrash Metal,Thrash Metal,Metal,Rock,,,,,,,,,,797
Crossover Thrash,Crossover Thrash,Thrash Metal,Metal,Rock,Hardcore Punk,Punk Rock,Punk,Hardcore [Punk],,,,,,798
Space Rock Revival,Space Rock Revival,Neo-Psychedelia,Psych,Space Rock,Psychedelic Rock,Rock,,,,,,,,799
Mutant Disco,Mutant Disco,Disco,Dance,,,,,,,,,,,800
Songhai Music,Songhai Music,West African Music,African Music,Regional Music,,,,,,,,,,801
Speedcore,Speedcore,Hardcore [EDM],EDM,Dance,Electronic,,,,,,,,,802
J-core,J-core,Hardcore [EDM],EDM,Dance,Electronic,,,,,,,,,803
Mid-School Hip Hop,Mid-School Hip Hop,Hardcore Hip Hop,Hip Hop,,,,,,,,,,,804
Denpa,Denpa,Pop,,,,,,,,,,,,805
MIDI Music,MIDI Music,Bit Music,Electronic,,,,,,,,,,,806
Extratone,Extratone,Speedcore,Hardcore [EDM],EDM,Dance,Electronic,,,,,,,,807
Trap Soul,Trap S0ul,Trap,Hip Hop,Contemporary R&B,R&B,,,,,,,,,808
South American Music,South American Music,Regional Music,,,,,,,,,,,,809
Chilean Music,Chilean Music,South American Music,Regional Music,,,,,,,,,,,810
Nueva canción chilena,Nueva canción chilena,Nueva canción latinoamericana,Contemporary Folk,Folk,Singer-Songwriter,Hispanic American Music,Hispanic Music,Regional Music,Nueva canción,Chilean Music,South American Music,,,811
Urban Cowboy,Urban C0wboy,Country Pop,Country,Northern American Music,Regional Music,Pop,,,,,,,,812
Canadian Folk Music,Canadian Folk Music,Traditional Folk,Folk,Regional Music,Northern American Music,,,,,,,,,813
Canadian Maritime Folk,Canadian Maritime Folk,Canadian Folk Music,Traditional Folk,Folk,Regional Music,Northern American Music,,,,,,,,814
Moogsploitation,Moogsploitation,Electronic,,,,,,,,,,,,815
Chillout,Chillout,Electronic,,,,,,,,,,,,816
Midtempo Bass,Midtempo Bass,EDM,Dance,Electronic,,,,,,,,,,817
Melodic Hardcore,Melodic Hardcore,Hardcore Punk,Punk Rock,Rock,Punk,Hardcore [Punk],,,,,,,,818